{"stats":{"minecraft:picked_up":{"minecraft:birch_log":5,"minecraft:stick":60,"minecraft:crafting_table":1,"minecraft:raw_iron":14,"minecraft:wooden_pickaxe":1,"minecraft:oak_log":5,"minecraft:dirt":1,"minecraft:arrow":1,"minecraft:wheat_seeds":2,"minecraft:cobbled_deepslate":4,"minecraft:stone_pickaxe":1,"minecraft:oak_sapling":1,"minecraft:coal":28,"minecraft:oak_planks":37,"minecraft:cobblestone":28},"minecraft:dropped":{"minecraft:wheat_seeds":1},"minecraft:crafted":{"minecraft:oak_planks":20,"minecraft:crafting_table":1,"minecraft:stick":32,"minecraft:wooden_pickaxe":1,"minecraft:stone_pickaxe":2,"minecraft:torch":40,"minecraft:birch_planks":20},"minecraft:killed_by":{"minecraft:player":1},"minecraft:used":{"minecraft:stone_pickaxe":64,"minecraft:wooden_pickaxe":3,"minecraft:torch":1,"minecraft:dirt":1,"minecraft:cobblestone":5,"minecraft:crafting_table":1,"minecraft:oak_sapling":1,"minecraft:cobbled_deepslate":4},"minecraft:mined":{"minecraft:birch_log":5,"minecraft:iron_ore":14,"minecraft:birch_leaves":15,"minecraft:short_grass":13,"minecraft:coal_ore":28,"minecraft:grass_block":1,"minecraft:oak_log":5,"minecraft:tall_grass":15,"minecraft:stone":21,"minecraft:oak_leaves":17,"minecraft:deepslate":4},"minecraft:custom":{"minecraft:time_since_rest":6339,"minecraft:interact_with_furnace":1,"minecraft:sprint_one_cm":26156,"minecraft:damage_taken":760,"minecraft:walk_one_cm":25106,"minecraft:drop":1,"minecraft:damage_dealt":27,"minecraft:interact_with_crafting_table":4,"minecraft:fly_one_cm":37184,"minecraft:crouch_one_cm":196,"minecraft:play_time":18107,"minecraft:deaths":2,"minecraft:sneak_time":165,"minecraft:walk_under_water_one_cm":6187,"minecraft:jump":238,"minecraft:leave_game":3,"minecraft:time_since_death":6291,"minecraft:walk_on_water_one_cm":7772,"minecraft:total_world_time":18107,"minecraft:fall_one_cm":16174}},"DataVersion":3839}