{"stats":{"minecraft:picked_up":{"minecraft:birch_log":8,"minecraft:crafting_table":1,"minecraft:stick":60,"minecraft:raw_iron":15,"minecraft:torch":1,"minecraft:wooden_pickaxe":1,"minecraft:oak_log":28,"minecraft:redstone":18,"minecraft:dirt":1,"minecraft:cooked_mutton":3,"minecraft:arrow":1,"minecraft:rotten_flesh":1,"minecraft:diamond":10,"minecraft:wheat_seeds":2,"minecraft:cobbled_deepslate":28,"minecraft:raw_gold":6,"minecraft:diamond_axe":1,"minecraft:stone_pickaxe":1,"minecraft:oak_sapling":2,"minecraft:oak_planks":37,"minecraft:coal":28,"minecraft:cobblestone":28,"minecraft:furnace":1},"minecraft:dropped":{"minecraft:shield":1,"minecraft:wheat_seeds":1},"minecraft:crafted":{"minecraft:oak_planks":20,"minecraft:diamond_pickaxe":1,"minecraft:shield":2,"minecraft:crafting_table":1,"minecraft:stick":32,"minecraft:wooden_pickaxe":1,"minecraft:iron_ingot":5,"minecraft:stone_pickaxe":2,"minecraft:furnace":1,"minecraft:birch_planks":20,"minecraft:torch":40,"minecraft:air":0},"minecraft:killed_by":{"minecraft:player":1},"minecraft:killed":{"minecraft:spider":1},"minecraft:used":{"minecraft:cooked_mutton":3,"minecraft:diamond_pickaxe":43,"minecraft:stone_pickaxe":64,"minecraft:wooden_pickaxe":3,"minecraft:shield":1,"minecraft:diamond_axe":38,"minecraft:rotten_flesh":1,"minecraft:torch":41,"minecraft:dirt":1,"minecraft:cobblestone":5,"minecraft:furnace":1,"minecraft:crafting_table":1,"minecraft:oak_sapling":1,"minecraft:cobbled_deepslate":11},"minecraft:mined":{"minecraft:deepslate_redstone_ore":4,"minecraft:white_bed":1,"minecraft:furnace":1,"minecraft:deepslate_diamond_ore":7,"minecraft:birch_log":9,"minecraft:iron_ore":14,"minecraft:birch_leaves":15,"minecraft:short_grass":14,"minecraft:oak_log":28,"minecraft:grass_block":1,"minecraft:coal_ore":28,"minecraft:deepslate_iron_ore":1,"minecraft:tall_grass":15,"minecraft:deepslate_gold_ore":6,"minecraft:stone":21,"minecraft:oak_leaves":24,"minecraft:deepslate":28},"minecraft:custom":{"minecraft:time_since_rest":18018,"minecraft:interact_with_furnace":5,"minecraft:sprint_one_cm":71703,"minecraft:damage_taken":845,"minecraft:walk_one_cm":46392,"minecraft:damage_blocked_by_shield":25,"minecraft:mob_kills":1,"minecraft:drop":2,"minecraft:damage_dealt":187,"minecraft:interact_with_crafting_table":6,"minecraft:fly_one_cm":54609,"minecraft:play_time":29786,"minecraft:crouch_one_cm":210,"minecraft:deaths":2,"minecraft:sneak_time":192,"minecraft:walk_under_water_one_cm":9509,"minecraft:jump":430,"minecraft:leave_game":5,"minecraft:time_since_death":17970,"minecraft:walk_on_water_one_cm":11666,"minecraft:total_world_time":29786,"minecraft:fall_one_cm":18152}},"DataVersion":3839}