{"stats":{"minecraft:picked_up":{"minecraft:oak_log":4,"minecraft:birch_log":4},"minecraft:crafted":{"minecraft:oak_planks":12,"minecraft:birch_planks":16},"minecraft:mined":{"minecraft:tall_grass":7,"minecraft:short_grass":4,"minecraft:oak_log":4,"minecraft:birch_leaves":10,"minecraft:oak_leaves":15,"minecraft:birch_log":4},"minecraft:custom":{"minecraft:jump":103,"minecraft:time_since_rest":7644,"minecraft:damage_dealt":17,"minecraft:crouch_one_cm":28,"minecraft:leave_game":3,"minecraft:play_time":7644,"minecraft:sprint_one_cm":10282,"minecraft:damage_taken":145,"minecraft:time_since_death":7644,"minecraft:walk_one_cm":7486,"minecraft:sneak_time":25,"minecraft:total_world_time":7644,"minecraft:fall_one_cm":4343,"minecraft:fly_one_cm":17565}},"DataVersion":3839}