{"stats":{"minecraft:picked_up":{"minecraft:birch_log":13,"minecraft:crafting_table":2,"minecraft:wooden_pickaxe":1,"minecraft:oak_log":35,"minecraft:yellow_bed":2,"minecraft:dirt":4,"minecraft:cooked_mutton":3,"minecraft:apple":2,"minecraft:wheat_seeds":2,"minecraft:gold_nugget":14,"minecraft:cobbled_deepslate":28,"minecraft:raw_gold":6,"minecraft:iron_ingot":25,"minecraft:stone_pickaxe":1,"minecraft:stripped_oak_wood":3,"minecraft:oak_planks":37,"minecraft:furnace":1,"minecraft:egg":4,"minecraft:stick":60,"minecraft:raw_iron":15,"minecraft:oak_fence":1,"minecraft:torch":13,"minecraft:porkchop":1,"minecraft:blast_furnace":1,"minecraft:redstone":18,"minecraft:arrow":1,"minecraft:rotten_flesh":2,"minecraft:diamond":11,"minecraft:hay_block":12,"minecraft:diamond_axe":1,"minecraft:netherrack":81,"minecraft:oak_sapling":10,"minecraft:obsidian":4,"minecraft:mutton":2,"minecraft:white_wool":1,"minecraft:coal":28,"minecraft:cobblestone":32},"minecraft:dropped":{"minecraft:wheat_seeds":1,"minecraft:oak_fence":1,"minecraft:rotten_flesh":1,"minecraft:shield":1,"minecraft:wooden_pickaxe":1},"minecraft:crafted":{"minecraft:oak_planks":32,"minecraft:cooked_porkchop":1,"minecraft:crafting_table":2,"minecraft:wooden_pickaxe":1,"minecraft:iron_helmet":1,"minecraft:furnace":1,"minecraft:bucket":1,"minecraft:birch_planks":20,"minecraft:cooked_mutton":2,"minecraft:bread":36,"minecraft:air":0,"minecraft:iron_boots":1,"minecraft:iron_chestplate":1,"minecraft:diamond_pickaxe":1,"minecraft:shield":2,"minecraft:stick":32,"minecraft:iron_ingot":6,"minecraft:stone_pickaxe":2,"minecraft:iron_leggings":1,"minecraft:torch":40,"minecraft:diamond_chestplate":1,"minecraft:wheat":108},"minecraft:killed_by":{"minecraft:player":1},"minecraft:killed":{"minecraft:piglin":1,"minecraft:pig":1,"minecraft:spider":1,"minecraft:sheep":1,"minecraft:chicken":1},"minecraft:used":{"minecraft:cooked_mutton":5,"minecraft:water_bucket":5,"minecraft:stone_pickaxe":65,"minecraft:shield":2,"minecraft:wooden_pickaxe":3,"minecraft:diamond_axe":72,"minecraft:rotten_flesh":1,"minecraft:torch":41,"minecraft:dirt":1,"minecraft:crafting_table":2,"minecraft:diamond_pickaxe":120,"minecraft:lava_bucket":9,"minecraft:bread":3,"minecraft:iron_boots":1,"minecraft:cobblestone":5,"minecraft:oak_sapling":1,"minecraft:furnace":2,"minecraft:bucket":15,"minecraft:yellow_bed":2,"minecraft:egg":4,"minecraft:cobbled_deepslate":25,"minecraft:iron_leggings":1},"minecraft:mined":{"minecraft:nether_gold_ore":3,"minecraft:deepslate_redstone_ore":4,"minecraft:white_bed":1,"minecraft:deepslate_diamond_ore":7,"minecraft:obsidian":4,"minecraft:crafting_table":1,"minecraft:oak_fence":1,"minecraft:short_grass":19,"minecraft:blast_furnace":1,"minecraft:grass_block":4,"minecraft:cobblestone":1,"minecraft:tall_grass":17,"minecraft:deepslate_gold_ore":6,"minecraft:wall_torch":2,"minecraft:hay_block":12,"minecraft:furnace":1,"minecraft:fire":2,"minecraft:birch_log":14,"minecraft:iron_ore":14,"minecraft:birch_leaves":15,"minecraft:stripped_oak_wood":3,"minecraft:yellow_bed":2,"minecraft:coal_ore":28,"minecraft:oak_log":35,"minecraft:deepslate_iron_ore":1,"minecraft:dirt":2,"minecraft:stone":24,"minecraft:netherrack":66,"minecraft:oak_leaves":30,"minecraft:deepslate":28},"minecraft:custom":{"minecraft:interact_with_furnace":11,"minecraft:mob_kills":5,"minecraft:interact_with_crafting_table":13,"minecraft:leave_game":6,"minecraft:time_since_death":33731,"minecraft:sleep_in_bed":1,"minecraft:time_since_rest":4306,"minecraft:sprint_one_cm":130982,"minecraft:damage_taken":1015,"minecraft:walk_one_cm":76231,"minecraft:damage_blocked_by_shield":75,"minecraft:drop":5,"minecraft:damage_dealt":607,"minecraft:fly_one_cm":96300,"minecraft:open_chest":5,"minecraft:crouch_one_cm":343,"minecraft:play_time":45547,"minecraft:deaths":2,"minecraft:sneak_time":342,"minecraft:walk_under_water_one_cm":9509,"minecraft:jump":673,"minecraft:walk_on_water_one_cm":14307,"minecraft:total_world_time":45547,"minecraft:fall_one_cm":25910}},"DataVersion":3839}