{"stats":{"minecraft:mined":{"minecraft:deepslate_diamond_ore":11,"minecraft:cobbled_deepslate_slab":6,"minecraft:grass_block":25,"minecraft:composter":1,"minecraft:sandstone":5,"minecraft:oxeye_daisy":1,"minecraft:hay_block":36,"minecraft:tall_seagrass":5,"minecraft:iron_ore":8,"minecraft:cobbled_deepslate":3,"minecraft:deepslate_iron_ore":5,"minecraft:cobblestone_slab":5,"minecraft:dirt_path":1,"minecraft:stone":73,"minecraft:kelp_plant":23,"minecraft:crafting_table":2,"minecraft:short_grass":8,"minecraft:blast_furnace":3,"minecraft:poppy":2,"minecraft:chest":1,"minecraft:cobblestone":4,"minecraft:deepslate_gold_ore":2,"minecraft:oak_planks":1,"minecraft:sugar_cane":57,"minecraft:diorite":9,"minecraft:seagrass":8,"minecraft:birch_log":31,"minecraft:yellow_bed":1,"minecraft:oak_log":43,"minecraft:coal_ore":20,"minecraft:sand":46,"minecraft:gravel":30,"minecraft:dirt":7,"minecraft:deepslate":88},"minecraft:custom":{"minecraft:mob_kills":47,"minecraft:interact_with_crafting_table":22,"minecraft:leave_game":2,"minecraft:time_since_death":58318,"minecraft:climb_one_cm":435,"minecraft:sprint_one_cm":153706,"minecraft:walk_one_cm":99050,"minecraft:damage_blocked_by_shield":100,"minecraft:drop":32,"minecraft:play_time":58318,"minecraft:sneak_time":5273,"minecraft:walk_under_water_one_cm":26727,"minecraft:boat_one_cm":25665,"minecraft:jump":1205,"minecraft:interact_with_blast_furnace":2,"minecraft:walk_on_water_one_cm":14262,"minecraft:total_world_time":58318,"minecraft:sleep_in_bed":3,"minecraft:time_since_rest":3693,"minecraft:damage_taken":835,"minecraft:damage_dealt":9773,"minecraft:fly_one_cm":250107,"minecraft:swim_one_cm":50987,"minecraft:open_chest":7,"minecraft:crouch_one_cm":13666,"minecraft:interact_with_smoker":37,"minecraft:fall_one_cm":29058},"minecraft:used":{"minecraft:stone_sword":14,"minecraft:stone_shovel":89,"minecraft:dried_kelp":45,"minecraft:poppy":3,"minecraft:chest":2,"minecraft:shield":4,"minecraft:cooked_salmon":2,"minecraft:stone_hoe":37,"minecraft:oak_door":2,"minecraft:torch":36,"minecraft:dirt":46,"minecraft:cooked_cod":2,"minecraft:cobbled_deepslate":13,"minecraft:water_bucket":76,"minecraft:diorite":9,"minecraft:stone_pickaxe":13,"minecraft:oak_planks":46,"minecraft:wooden_pickaxe":16,"minecraft:sandstone":5,"minecraft:diamond_axe":16,"minecraft:sugar_cane":66,"minecraft:cobblestone_slab":118,"minecraft:sand":11,"minecraft:crafting_table":9,"minecraft:blast_furnace":2,"minecraft:smoker":1,"minecraft:oak_log":3,"minecraft:diamond_pickaxe":36,"minecraft:bread":10,"minecraft:string":2,"minecraft:iron_pickaxe":179,"minecraft:gravel":2,"minecraft:stone_axe":116,"minecraft:diamond_sword":52,"minecraft:cobblestone":4,"minecraft:cobbled_deepslate_slab":75,"minecraft:bucket":76,"minecraft:yellow_bed":2,"minecraft:oak_boat":1},"minecraft:dropped":{"minecraft:bread":1,"minecraft:diamond_axe":1,"minecraft:diamond":3,"minecraft:crafting_table":1,"minecraft:dirt":1,"minecraft:dried_kelp":16,"minecraft:sand":13,"minecraft:oak_door":2,"minecraft:stone_axe":2,"minecraft:wheat":1,"minecraft:composter":1,"minecraft:rotten_flesh":1,"minecraft:shield":1,"minecraft:wooden_pickaxe":3},"minecraft:picked_up":{"minecraft:crafting_table":2,"minecraft:wooden_pickaxe":2,"minecraft:string":2,"minecraft:cobbled_deepslate":86,"minecraft:beef":13,"minecraft:cobblestone_slab":10,"minecraft:poppy":5,"minecraft:sugar_cane":79,"minecraft:chest":1,"minecraft:raw_iron":13,"minecraft:sandstone":5,"minecraft:oak_door":1,"minecraft:composter":1,"minecraft:torch":2,"minecraft:porkchop":13,"minecraft:diorite":9,"minecraft:rotten_flesh":15,"minecraft:arrow":3,"minecraft:hay_block":34,"minecraft:mutton":11,"minecraft:white_wool":7,"minecraft:cobblestone":77,"minecraft:oxeye_daisy":1,"minecraft:birch_log":31,"minecraft:leather":13,"minecraft:flint":1,"minecraft:oak_log":43,"minecraft:yellow_bed":2,"minecraft:gunpowder":7,"minecraft:dirt":47,"minecraft:bone":7,"minecraft:kelp":141,"minecraft:wheat_seeds":2,"minecraft:raw_gold":2,"minecraft:cobbled_deepslate_slab":11,"minecraft:iron_ingot":12,"minecraft:oak_planks":1,"minecraft:gravel":28,"minecraft:sand":24,"minecraft:blast_furnace":3,"minecraft:green_carpet":1,"minecraft:spider_eye":1,"minecraft:diamond":14,"minecraft:stone_axe":1,"minecraft:coal":29},"minecraft:crafted":{"minecraft:oak_door":3,"minecraft:cobbled_deepslate_slab":126,"minecraft:oak_planks":144,"minecraft:cobblestone_slab":108,"minecraft:stone_shovel":1,"minecraft:furnace":1,"minecraft:stone_pickaxe":1,"minecraft:chest":1,"minecraft:stone_hoe":1,"minecraft:smoker":1,"minecraft:wheat":306,"minecraft:diamond_sword":1,"minecraft:diamond_axe":2,"minecraft:crafting_table":8,"minecraft:dried_kelp":117,"minecraft:wooden_pickaxe":1,"minecraft:bucket":1,"minecraft:birch_planks":124,"minecraft:stone_axe":1,"minecraft:bread":103,"minecraft:air":0,"minecraft:oak_boat":1,"minecraft:iron_chestplate":1,"minecraft:diamond_pickaxe":1,"minecraft:shield":2,"minecraft:stick":48,"minecraft:iron_ingot":8,"minecraft:iron_pickaxe":1,"minecraft:stone_sword":1,"minecraft:torch":84},"minecraft:killed":{"minecraft:spider":2,"minecraft:skeleton":7,"minecraft:drowned":2,"minecraft:pig":6,"minecraft:zombie_villager":1,"minecraft:iron_golem":3,"minecraft:creeper":4,"minecraft:sheep":7,"minecraft:zombie":8,"minecraft:donkey":1,"minecraft:cow":6}},"DataVersion":3953}