{"stats":{"minecraft:mined":{"minecraft:deepslate_diamond_ore":11,"minecraft:kelp_plant":23,"minecraft:crafting_table":2,"minecraft:short_grass":5,"minecraft:blast_furnace":3,"minecraft:grass_block":22,"minecraft:poppy":2,"minecraft:chest":1,"minecraft:cobblestone":4,"minecraft:deepslate_gold_ore":2,"minecraft:composter":1,"minecraft:sugar_cane":18,"minecraft:diorite":9,"minecraft:oxeye_daisy":1,"minecraft:sandstone":5,"minecraft:hay_block":36,"minecraft:seagrass":8,"minecraft:tall_seagrass":5,"minecraft:iron_ore":8,"minecraft:birch_log":31,"minecraft:yellow_bed":1,"minecraft:deepslate_iron_ore":5,"minecraft:coal_ore":20,"minecraft:oak_log":40,"minecraft:dirt_path":1,"minecraft:gravel":30,"minecraft:dirt":6,"minecraft:sand":46,"minecraft:stone":73,"minecraft:deepslate":88},"minecraft:custom":{"minecraft:mob_kills":42,"minecraft:interact_with_crafting_table":18,"minecraft:leave_game":2,"minecraft:time_since_death":46318,"minecraft:sleep_in_bed":2,"minecraft:time_since_rest":7959,"minecraft:sprint_one_cm":131883,"minecraft:damage_taken":648,"minecraft:walk_one_cm":73731,"minecraft:damage_blocked_by_shield":100,"minecraft:drop":29,"minecraft:damage_dealt":6324,"minecraft:swim_one_cm":43700,"minecraft:fly_one_cm":226427,"minecraft:open_chest":6,"minecraft:crouch_one_cm":2234,"minecraft:play_time":46318,"minecraft:sneak_time":2544,"minecraft:walk_under_water_one_cm":12232,"minecraft:boat_one_cm":25665,"minecraft:jump":1015,"minecraft:interact_with_blast_furnace":2,"minecraft:walk_on_water_one_cm":13474,"minecraft:interact_with_smoker":37,"minecraft:total_world_time":46318,"minecraft:fall_one_cm":24191},"minecraft:used":{"minecraft:water_bucket":4,"minecraft:diorite":9,"minecraft:stone_sword":14,"minecraft:stone_shovel":89,"minecraft:stone_pickaxe":13,"minecraft:dried_kelp":45,"minecraft:oak_planks":11,"minecraft:chest":1,"minecraft:wooden_pickaxe":16,"minecraft:shield":4,"minecraft:sandstone":5,"minecraft:diamond_axe":10,"minecraft:sugar_cane":41,"minecraft:cooked_salmon":2,"minecraft:stone_hoe":37,"minecraft:oak_door":1,"minecraft:torch":36,"minecraft:dirt":25,"minecraft:sand":11,"minecraft:crafting_table":8,"minecraft:blast_furnace":2,"minecraft:smoker":1,"minecraft:diamond_pickaxe":20,"minecraft:bread":6,"minecraft:iron_pickaxe":179,"minecraft:string":2,"minecraft:gravel":2,"minecraft:stone_axe":116,"minecraft:diamond_sword":13,"minecraft:cobblestone":4,"minecraft:cooked_cod":2,"minecraft:bucket":5,"minecraft:yellow_bed":1,"minecraft:oak_boat":1,"minecraft:cobbled_deepslate":4},"minecraft:dropped":{"minecraft:oak_door":2,"minecraft:stone_axe":2,"minecraft:crafting_table":1,"minecraft:wheat":1,"minecraft:composter":1,"minecraft:rotten_flesh":1,"minecraft:dirt":1,"minecraft:shield":1,"minecraft:dried_kelp":16,"minecraft:sand":13,"minecraft:wooden_pickaxe":3},"minecraft:picked_up":{"minecraft:birch_log":31,"minecraft:crafting_table":2,"minecraft:leather":13,"minecraft:wooden_pickaxe":2,"minecraft:flint":1,"minecraft:oak_log":40,"minecraft:yellow_bed":2,"minecraft:gunpowder":7,"minecraft:dirt":28,"minecraft:string":2,"minecraft:bone":7,"minecraft:kelp":141,"minecraft:wheat_seeds":1,"minecraft:cobbled_deepslate":83,"minecraft:raw_gold":2,"minecraft:beef":13,"minecraft:poppy":2,"minecraft:chest":1,"minecraft:sugar_cane":41,"minecraft:raw_iron":13,"minecraft:sandstone":5,"minecraft:composter":1,"minecraft:torch":1,"minecraft:gravel":28,"minecraft:porkchop":13,"minecraft:sand":24,"minecraft:blast_furnace":3,"minecraft:diorite":9,"minecraft:spider_eye":1,"minecraft:arrow":3,"minecraft:rotten_flesh":11,"minecraft:diamond":11,"minecraft:stone_axe":1,"minecraft:hay_block":34,"minecraft:coal":29,"minecraft:mutton":11,"minecraft:white_wool":7,"minecraft:cobblestone":77,"minecraft:oxeye_daisy":1},"minecraft:crafted":{"minecraft:oak_door":3,"minecraft:oak_planks":80,"minecraft:stone_shovel":1,"minecraft:diamond_sword":1,"minecraft:diamond_axe":1,"minecraft:crafting_table":7,"minecraft:dried_kelp":117,"minecraft:wooden_pickaxe":1,"minecraft:furnace":1,"minecraft:bucket":1,"minecraft:birch_planks":124,"minecraft:stone_axe":1,"minecraft:bread":103,"minecraft:air":0,"minecraft:oak_boat":1,"minecraft:iron_chestplate":1,"minecraft:diamond_pickaxe":1,"minecraft:shield":2,"minecraft:stick":40,"minecraft:iron_ingot":8,"minecraft:iron_pickaxe":1,"minecraft:stone_pickaxe":1,"minecraft:stone_sword":1,"minecraft:torch":84,"minecraft:stone_hoe":1,"minecraft:wheat":306,"minecraft:smoker":1},"minecraft:killed":{"minecraft:pig":6,"minecraft:zombie_villager":1,"minecraft:spider":2,"minecraft:creeper":4,"minecraft:sheep":7,"minecraft:skeleton":7,"minecraft:donkey":1,"minecraft:zombie":6,"minecraft:drowned":2,"minecraft:cow":6}},"DataVersion":3953}