{"stats":{"minecraft:custom":{"minecraft:mob_kills":87,"minecraft:interact_with_crafting_table":55,"minecraft:interact_with_campfire":24,"minecraft:leave_game":4,"minecraft:time_since_death":174281,"minecraft:climb_one_cm":875,"minecraft:sprint_one_cm":458079,"minecraft:walk_one_cm":312286,"minecraft:damage_blocked_by_shield":366,"minecraft:drop":88,"minecraft:talked_to_villager":140,"minecraft:play_time":174281,"minecraft:sneak_time":11759,"minecraft:walk_under_water_one_cm":29338,"minecraft:boat_one_cm":78354,"minecraft:jump":4030,"minecraft:interact_with_blast_furnace":2,"minecraft:walk_on_water_one_cm":22460,"minecraft:total_world_time":174281,"minecraft:interact_with_furnace":29,"minecraft:traded_with_villager":65,"minecraft:sleep_in_bed":12,"minecraft:time_since_rest":454,"minecraft:damage_taken":3051,"minecraft:damage_dealt":15953,"minecraft:swim_one_cm":84149,"minecraft:fly_one_cm":778525,"minecraft:open_chest":73,"minecraft:crouch_one_cm":43130,"minecraft:interact_with_smoker":37,"minecraft:fall_one_cm":112610},"minecraft:picked_up":{"minecraft:crafting_table":2,"minecraft:iron_chestplate":1,"minecraft:wheat":5,"minecraft:azure_bluet":1,"minecraft:chicken":2,"minecraft:ladder":1,"minecraft:wooden_pickaxe":2,"minecraft:shield":1,"minecraft:string":3,"minecraft:soul_soil":5,"minecraft:beetroot":3,"minecraft:gold_nugget":25,"minecraft:cobbled_deepslate":86,"minecraft:beef":35,"minecraft:oak_boat":1,"minecraft:cobblestone_slab":10,"minecraft:poppy":5,"minecraft:lectern":68,"minecraft:sugar_cane":255,"minecraft:chest":1,"minecraft:egg":4,"minecraft:stick":8,"minecraft:raw_iron":13,"minecraft:sandstone":5,"minecraft:oak_door":1,"minecraft:composter":1,"minecraft:torch":2,"minecraft:porkchop":18,"minecraft:polished_blackstone_bricks":16,"minecraft:diorite":9,"minecraft:carrot":22,"minecraft:stone_sword":1,"minecraft:arrow":7,"minecraft:rotten_flesh":21,"minecraft:beetroot_seeds":8,"minecraft:hay_block":34,"minecraft:gold_ingot":4,"minecraft:obsidian":13,"minecraft:mutton":24,"minecraft:white_wool":35,"minecraft:cobblestone":82,"minecraft:oxeye_daisy":1,"minecraft:birch_log":31,"minecraft:basalt":1,"minecraft:water_bucket":2,"minecraft:leather":24,"minecraft:potato":11,"minecraft:flint":6,"minecraft:oak_log":79,"minecraft:golden_boots":1,"minecraft:yellow_bed":2,"minecraft:gunpowder":10,"minecraft:dirt":152,"minecraft:cooked_mutton":33,"minecraft:bone":13,"minecraft:apple":1,"minecraft:kelp":141,"minecraft:bow":1,"minecraft:wheat_seeds":19,"minecraft:raw_gold":2,"minecraft:cobbled_deepslate_slab":34,"minecraft:iron_ingot":12,"minecraft:fletching_table":6,"minecraft:oak_planks":22,"minecraft:cooked_porkchop":28,"minecraft:quartz":4,"minecraft:gravel":93,"minecraft:sand":24,"minecraft:spruce_sapling":21,"minecraft:blast_furnace":3,"minecraft:spruce_log":456,"minecraft:green_carpet":1,"minecraft:spider_eye":2,"minecraft:diamond":14,"minecraft:stone_axe":1,"minecraft:short_grass":1,"minecraft:cracked_polished_blackstone_bricks":1,"minecraft:granite":16,"minecraft:diamond_axe":1,"minecraft:bread":15,"minecraft:oak_sapling":1,"minecraft:netherrack":141,"minecraft:coal":29},"minecraft:dropped":{"minecraft:water_bucket":1,"minecraft:golden_boots":1,"minecraft:iron_ingot":14,"minecraft:bread":55,"minecraft:iron_sword":1,"minecraft:diamond_axe":2,"minecraft:cooked_beef":19,"minecraft:diamond":3,"minecraft:crafting_table":1,"minecraft:apple":1,"minecraft:cracked_polished_blackstone_bricks":1,"minecraft:dirt":1,"minecraft:torch":32,"minecraft:green_carpet":1,"minecraft:dried_kelp":16,"minecraft:sand":13,"minecraft:iron_pickaxe":1,"minecraft:bone":2,"minecraft:oak_door":2,"minecraft:gravel":1,"minecraft:stone_axe":3,"minecraft:stone_sword":2,"minecraft:cobbled_deepslate":2,"minecraft:wheat":1,"minecraft:composter":1,"minecraft:stone_shovel":1,"minecraft:chicken":2,"minecraft:rotten_flesh":11,"minecraft:oak_planks":1,"minecraft:cooked_mutton":19,"minecraft:cobbled_deepslate_slab":6,"minecraft:shield":2,"minecraft:diamond_pickaxe":1,"minecraft:iron_chestplate":1,"minecraft:basalt":1,"minecraft:bow":1,"minecraft:arrow":128,"minecraft:wooden_pickaxe":3,"minecraft:raw_gold":2,"minecraft:quartz":4,"minecraft:netherrack":1},"minecraft:mined":{"minecraft:nether_gold_ore":8,"minecraft:farmland":24,"minecraft:deepslate_diamond_ore":11,"minecraft:obsidian":14,"minecraft:ladder":1,"minecraft:granite":16,"minecraft:cobbled_deepslate_slab":22,"minecraft:grass_block":29,"minecraft:cracked_polished_blackstone_bricks":1,"minecraft:soul_soil":2,"minecraft:spruce_leaves":7,"minecraft:composter":1,"minecraft:oxeye_daisy":1,"minecraft:sandstone":5,"minecraft:hay_block":36,"minecraft:large_fern":1,"minecraft:polished_blackstone_bricks":17,"minecraft:tall_seagrass":5,"minecraft:carrots":3,"minecraft:iron_ore":8,"minecraft:fire":22,"minecraft:cobbled_deepslate":3,"minecraft:fletching_table":6,"minecraft:azure_bluet":1,"minecraft:dirt_path":2,"minecraft:cobblestone_slab":5,"minecraft:deepslate_iron_ore":5,"minecraft:stone":75,"minecraft:kelp_plant":23,"minecraft:soul_fire":5,"minecraft:basalt":1,"minecraft:crafting_table":2,"minecraft:short_grass":20,"minecraft:blast_furnace":3,"minecraft:poppy":2,"minecraft:chest":1,"minecraft:campfire":1,"minecraft:lectern":68,"minecraft:nether_quartz_ore":6,"minecraft:tall_grass":2,"minecraft:cobblestone":5,"minecraft:deepslate_gold_ore":2,"minecraft:oak_planks":10,"minecraft:sugar_cane":213,"minecraft:diorite":9,"minecraft:seagrass":8,"minecraft:birch_log":31,"minecraft:spruce_log":256,"minecraft:yellow_bed":1,"minecraft:coal_ore":20,"minecraft:oak_log":79,"minecraft:gravel":99,"minecraft:dirt":18,"minecraft:sand":46,"minecraft:netherrack":139,"minecraft:oak_leaves":2,"minecraft:deepslate":88},"minecraft:used":{"minecraft:stone_sword":14,"minecraft:iron_shovel":99,"minecraft:flint_and_steel":39,"minecraft:stone_shovel":89,"minecraft:dried_kelp":63,"minecraft:ladder":1,"minecraft:poppy":3,"minecraft:bone_block":1,"minecraft:chest":5,"minecraft:shield":12,"minecraft:iron_sword":3,"minecraft:cooked_salmon":2,"minecraft:stone_hoe":37,"minecraft:netherrack":72,"minecraft:iron_chestplate":1,"minecraft:oak_door":2,"minecraft:torch":36,"minecraft:dirt":151,"minecraft:granite":15,"minecraft:azure_bluet":1,"minecraft:obsidian":13,"minecraft:lava_bucket":5,"minecraft:iron_boots":1,"minecraft:bow":47,"minecraft:soul_soil":5,"minecraft:furnace":1,"minecraft:cooked_cod":2,"minecraft:egg":4,"minecraft:cooked_beef":14,"minecraft:cobbled_deepslate":13,"minecraft:golden_boots":2,"minecraft:short_grass":1,"minecraft:cooked_mutton":4,"minecraft:water_bucket":105,"minecraft:diorite":9,"minecraft:oak_planks":145,"minecraft:sugar_cane":82,"minecraft:stone_pickaxe":13,"minecraft:wooden_pickaxe":16,"minecraft:diamond_axe":439,"minecraft:sandstone":5,"minecraft:fletching_table":9,"minecraft:cobblestone_slab":118,"minecraft:polished_blackstone_bricks":13,"minecraft:white_wool":1,"minecraft:sand":11,"minecraft:blast_furnace":2,"minecraft:crafting_table":10,"minecraft:white_bed":5,"minecraft:spruce_log":5,"minecraft:smoker":1,"minecraft:oak_log":3,"minecraft:diamond_pickaxe":259,"minecraft:iron_pickaxe":179,"minecraft:bread":24,"minecraft:string":2,"minecraft:lectern":69,"minecraft:gravel":71,"minecraft:spruce_sapling":16,"minecraft:stone_axe":116,"minecraft:diamond_sword":118,"minecraft:cobbled_deepslate_slab":154,"minecraft:cobblestone":8,"minecraft:cooked_porkchop":5,"minecraft:bucket":111,"minecraft:yellow_bed":2,"minecraft:oak_boat":3},"minecraft:killed":{"minecraft:spider":3,"minecraft:skeleton":11,"minecraft:chicken":2,"minecraft:drowned":2,"minecraft:piglin":2,"minecraft:pig":9,"minecraft:zombie_villager":2,"minecraft:iron_golem":3,"minecraft:hoglin":1,"minecraft:creeper":6,"minecraft:sheep":14,"minecraft:donkey":1,"minecraft:zombie":11,"minecraft:ghast":2,"minecraft:cow":17},"minecraft:crafted":{"minecraft:oak_door":3,"minecraft:cobbled_deepslate_slab":138,"minecraft:oak_planks":288,"minecraft:cobblestone_slab":108,"minecraft:stone_shovel":1,"minecraft:furnace":2,"minecraft:bookshelf":2,"minecraft:cooked_mutton":5,"minecraft:flint_and_steel":1,"minecraft:bow":1,"minecraft:iron_boots":1,"minecraft:stone_pickaxe":1,"minecraft:chest":4,"minecraft:stone_hoe":1,"minecraft:smoker":1,"minecraft:golden_boots":1,"minecraft:wheat":306,"minecraft:cooked_beef":33,"minecraft:oak_slab":6,"minecraft:diamond_sword":1,"minecraft:arrow":128,"minecraft:emerald":56,"minecraft:cooked_porkchop":13,"minecraft:diamond_axe":2,"minecraft:crafting_table":9,"minecraft:spruce_planks":1752,"minecraft:iron_helmet":1,"minecraft:dried_kelp":117,"minecraft:wooden_pickaxe":1,"minecraft:fletching_table":3,"minecraft:bucket":1,"minecraft:birch_planks":124,"minecraft:stone_axe":1,"minecraft:bread":103,"minecraft:air":0,"minecraft:oak_boat":2,"minecraft:lectern":1,"minecraft:iron_chestplate":1,"minecraft:book":21,"minecraft:paper":63,"minecraft:diamond_pickaxe":1,"minecraft:shield":2,"minecraft:stick":3496,"minecraft:iron_ingot":14,"minecraft:iron_pickaxe":1,"minecraft:stone_sword":1,"minecraft:iron_shovel":1,"minecraft:iron_leggings":1,"minecraft:white_bed":5,"minecraft:torch":84}},"DataVersion":3953}