{"stats":{"minecraft:mined":{"minecraft:nether_gold_ore":8,"minecraft:farmland":24,"minecraft:deepslate_diamond_ore":11,"minecraft:obsidian":14,"minecraft:ladder":1,"minecraft:granite":6,"minecraft:cobbled_deepslate_slab":7,"minecraft:grass_block":29,"minecraft:cracked_polished_blackstone_bricks":1,"minecraft:soul_soil":2,"minecraft:spruce_leaves":7,"minecraft:composter":1,"minecraft:sandstone":5,"minecraft:oxeye_daisy":1,"minecraft:polished_blackstone_bricks":13,"minecraft:large_fern":1,"minecraft:hay_block":36,"minecraft:tall_seagrass":5,"minecraft:carrots":3,"minecraft:fire":17,"minecraft:iron_ore":8,"minecraft:cobbled_deepslate":3,"minecraft:fletching_table":4,"minecraft:azure_bluet":1,"minecraft:deepslate_iron_ore":5,"minecraft:cobblestone_slab":5,"minecraft:dirt_path":1,"minecraft:stone":75,"minecraft:basalt":1,"minecraft:kelp_plant":23,"minecraft:soul_fire":5,"minecraft:crafting_table":2,"minecraft:short_grass":10,"minecraft:blast_furnace":3,"minecraft:poppy":2,"minecraft:chest":1,"minecraft:nether_quartz_ore":6,"minecraft:campfire":1,"minecraft:tall_grass":1,"minecraft:cobblestone":5,"minecraft:deepslate_gold_ore":2,"minecraft:oak_planks":10,"minecraft:sugar_cane":58,"minecraft:diorite":9,"minecraft:seagrass":8,"minecraft:birch_log":31,"minecraft:spruce_log":109,"minecraft:yellow_bed":1,"minecraft:oak_log":75,"minecraft:coal_ore":20,"minecraft:sand":46,"minecraft:gravel":99,"minecraft:dirt":14,"minecraft:netherrack":117,"minecraft:deepslate":88},"minecraft:custom":{"minecraft:mob_kills":81,"minecraft:interact_with_crafting_table":40,"minecraft:interact_with_campfire":24,"minecraft:leave_game":2,"minecraft:time_since_death":118318,"minecraft:climb_one_cm":875,"minecraft:sprint_one_cm":326432,"minecraft:walk_one_cm":232261,"minecraft:damage_blocked_by_shield":185,"minecraft:drop":70,"minecraft:talked_to_villager":7,"minecraft:play_time":118318,"minecraft:sneak_time":9508,"minecraft:walk_under_water_one_cm":28017,"minecraft:boat_one_cm":78354,"minecraft:jump":2752,"minecraft:interact_with_blast_furnace":2,"minecraft:walk_on_water_one_cm":17617,"minecraft:total_world_time":118318,"minecraft:interact_with_furnace":23,"minecraft:traded_with_villager":32,"minecraft:sleep_in_bed":5,"minecraft:time_since_rest":11338,"minecraft:damage_taken":1749,"minecraft:damage_dealt":13947,"minecraft:fly_one_cm":558021,"minecraft:swim_one_cm":75077,"minecraft:open_chest":29,"minecraft:crouch_one_cm":31856,"minecraft:interact_with_smoker":37,"minecraft:fall_one_cm":70480},"minecraft:used":{"minecraft:stone_sword":14,"minecraft:iron_shovel":99,"minecraft:flint_and_steel":3,"minecraft:stone_shovel":89,"minecraft:dried_kelp":59,"minecraft:ladder":1,"minecraft:poppy":3,"minecraft:chest":2,"minecraft:shield":8,"minecraft:cooked_salmon":2,"minecraft:stone_hoe":37,"minecraft:netherrack":48,"minecraft:oak_door":2,"minecraft:torch":36,"minecraft:dirt":123,"minecraft:azure_bluet":1,"minecraft:granite":6,"minecraft:obsidian":13,"minecraft:lava_bucket":5,"minecraft:iron_boots":1,"minecraft:bow":8,"minecraft:furnace":1,"minecraft:cooked_cod":2,"minecraft:egg":3,"minecraft:cooked_beef":6,"minecraft:cobbled_deepslate":13,"minecraft:golden_boots":2,"minecraft:cooked_mutton":1,"minecraft:water_bucket":95,"minecraft:diorite":9,"minecraft:stone_pickaxe":13,"minecraft:oak_planks":61,"minecraft:fletching_table":7,"minecraft:wooden_pickaxe":16,"minecraft:sandstone":5,"minecraft:diamond_axe":206,"minecraft:sugar_cane":80,"minecraft:cobblestone_slab":118,"minecraft:white_wool":1,"minecraft:sand":11,"minecraft:crafting_table":10,"minecraft:blast_furnace":2,"minecraft:white_bed":1,"minecraft:spruce_log":4,"minecraft:smoker":1,"minecraft:oak_log":3,"minecraft:diamond_pickaxe":206,"minecraft:bread":23,"minecraft:string":2,"minecraft:iron_pickaxe":179,"minecraft:spruce_sapling":16,"minecraft:gravel":71,"minecraft:stone_axe":116,"minecraft:diamond_sword":100,"minecraft:cobblestone":6,"minecraft:cobbled_deepslate_slab":137,"minecraft:bucket":101,"minecraft:yellow_bed":2,"minecraft:oak_boat":3},"minecraft:dropped":{"minecraft:water_bucket":1,"minecraft:bread":28,"minecraft:diamond_axe":1,"minecraft:diamond":3,"minecraft:crafting_table":1,"minecraft:dirt":1,"minecraft:green_carpet":1,"minecraft:dried_kelp":16,"minecraft:sand":13,"minecraft:iron_pickaxe":1,"minecraft:oak_door":2,"minecraft:stone_axe":3,"minecraft:stone_sword":2,"minecraft:cobbled_deepslate":2,"minecraft:stone_shovel":1,"minecraft:wheat":1,"minecraft:composter":1,"minecraft:chicken":2,"minecraft:rotten_flesh":11,"minecraft:oak_planks":1,"minecraft:cooked_mutton":3,"minecraft:cobbled_deepslate_slab":6,"minecraft:shield":1,"minecraft:bow":1,"minecraft:arrow":66,"minecraft:wooden_pickaxe":3,"minecraft:raw_gold":2,"minecraft:quartz":4,"minecraft:netherrack":1},"minecraft:picked_up":{"minecraft:crafting_table":2,"minecraft:wheat":5,"minecraft:azure_bluet":1,"minecraft:chicken":2,"minecraft:ladder":1,"minecraft:wooden_pickaxe":2,"minecraft:soul_soil":4,"minecraft:string":3,"minecraft:beetroot":3,"minecraft:gold_nugget":25,"minecraft:cobbled_deepslate":86,"minecraft:beef":35,"minecraft:oak_boat":1,"minecraft:cobblestone_slab":10,"minecraft:poppy":5,"minecraft:sugar_cane":80,"minecraft:chest":1,"minecraft:egg":3,"minecraft:stick":3,"minecraft:raw_iron":13,"minecraft:sandstone":5,"minecraft:oak_door":1,"minecraft:composter":1,"minecraft:torch":2,"minecraft:porkchop":18,"minecraft:polished_blackstone_bricks":11,"minecraft:diorite":9,"minecraft:carrot":22,"minecraft:stone_sword":1,"minecraft:rotten_flesh":21,"minecraft:arrow":5,"minecraft:beetroot_seeds":8,"minecraft:hay_block":34,"minecraft:obsidian":13,"minecraft:mutton":24,"minecraft:white_wool":13,"minecraft:cobblestone":80,"minecraft:oxeye_daisy":1,"minecraft:birch_log":31,"minecraft:basalt":1,"minecraft:water_bucket":1,"minecraft:leather":24,"minecraft:potato":11,"minecraft:flint":6,"minecraft:oak_log":75,"minecraft:yellow_bed":2,"minecraft:gunpowder":10,"minecraft:dirt":140,"minecraft:cooked_mutton":22,"minecraft:bone":13,"minecraft:bow":1,"minecraft:kelp":141,"minecraft:wheat_seeds":19,"minecraft:raw_gold":2,"minecraft:cobbled_deepslate_slab":17,"minecraft:iron_ingot":12,"minecraft:fletching_table":4,"minecraft:oak_planks":10,"minecraft:cooked_porkchop":5,"minecraft:quartz":4,"minecraft:gravel":93,"minecraft:sand":24,"minecraft:spruce_sapling":19,"minecraft:blast_furnace":3,"minecraft:spruce_log":102,"minecraft:green_carpet":1,"minecraft:spider_eye":2,"minecraft:diamond":14,"minecraft:stone_axe":1,"minecraft:cracked_polished_blackstone_bricks":1,"minecraft:granite":6,"minecraft:netherrack":117,"minecraft:coal":29},"minecraft:crafted":{"minecraft:oak_door":3,"minecraft:cobbled_deepslate_slab":126,"minecraft:oak_planks":272,"minecraft:cobblestone_slab":108,"minecraft:stone_shovel":1,"minecraft:furnace":2,"minecraft:cooked_mutton":3,"minecraft:flint_and_steel":1,"minecraft:bow":1,"minecraft:iron_boots":1,"minecraft:stone_pickaxe":1,"minecraft:chest":1,"minecraft:stone_hoe":1,"minecraft:golden_boots":1,"minecraft:smoker":1,"minecraft:wheat":306,"minecraft:cooked_beef":33,"minecraft:diamond_sword":1,"minecraft:arrow":128,"minecraft:emerald":24,"minecraft:cooked_porkchop":13,"minecraft:diamond_axe":2,"minecraft:spruce_planks":392,"minecraft:crafting_table":9,"minecraft:iron_helmet":1,"minecraft:dried_kelp":117,"minecraft:wooden_pickaxe":1,"minecraft:fletching_table":3,"minecraft:bucket":1,"minecraft:birch_planks":124,"minecraft:stone_axe":1,"minecraft:bread":103,"minecraft:air":0,"minecraft:oak_boat":2,"minecraft:iron_chestplate":1,"minecraft:diamond_pickaxe":1,"minecraft:shield":2,"minecraft:stick":832,"minecraft:iron_ingot":14,"minecraft:iron_pickaxe":1,"minecraft:stone_sword":1,"minecraft:iron_shovel":1,"minecraft:iron_leggings":1,"minecraft:white_bed":1,"minecraft:torch":84},"minecraft:killed":{"minecraft:spider":3,"minecraft:skeleton":10,"minecraft:chicken":2,"minecraft:drowned":2,"minecraft:piglin":2,"minecraft:pig":9,"minecraft:zombie_villager":2,"minecraft:iron_golem":3,"minecraft:creeper":6,"minecraft:sheep":14,"minecraft:zombie":9,"minecraft:donkey":1,"minecraft:ghast":1,"minecraft:cow":17}},"DataVersion":3953}