{"stats":{"minecraft:mined":{"minecraft:birch_log":7,"minecraft:crafting_table":1,"minecraft:oak_log":5,"minecraft:chest":1,"minecraft:sand":4,"minecraft:stone":14,"minecraft:sugar_cane":15,"minecraft:sandstone":2},"minecraft:custom":{"minecraft:time_since_rest":6199,"minecraft:sprint_one_cm":25310,"minecraft:damage_taken":125,"minecraft:walk_one_cm":7117,"minecraft:mob_kills":5,"minecraft:drop":1,"minecraft:damage_dealt":1115,"minecraft:interact_with_crafting_table":3,"minecraft:fly_one_cm":31163,"minecraft:open_chest":1,"minecraft:crouch_one_cm":363,"minecraft:play_time":6199,"minecraft:sneak_time":285,"minecraft:walk_under_water_one_cm":290,"minecraft:jump":155,"minecraft:leave_game":1,"minecraft:walk_on_water_one_cm":2618,"minecraft:time_since_death":6199,"minecraft:total_world_time":6199,"minecraft:fall_one_cm":3017},"minecraft:used":{"minecraft:stone_sword":1,"minecraft:wooden_pickaxe":16,"minecraft:sandstone":2,"minecraft:stone_axe":19,"minecraft:sand":6,"minecraft:crafting_table":2},"minecraft:dropped":{"minecraft:rotten_flesh":1},"minecraft:picked_up":{"minecraft:birch_log":7,"minecraft:crafting_table":1,"minecraft:sandstone":2,"minecraft:sand":6,"minecraft:oak_log":5,"minecraft:gunpowder":2,"minecraft:rotten_flesh":4,"minecraft:chest":1,"minecraft:sugar_cane":35,"minecraft:cobblestone":14},"minecraft:crafted":{"minecraft:crafting_table":1,"minecraft:stick":8,"minecraft:wooden_pickaxe":1,"minecraft:stone_pickaxe":1,"minecraft:stone_sword":1,"minecraft:birch_planks":28,"minecraft:stone_axe":1},"minecraft:killed":{"minecraft:zombie":2,"minecraft:drowned":2,"minecraft:creeper":1}},"DataVersion":3953}