{"stats":{"minecraft:mined":{"minecraft:nether_gold_ore":8,"minecraft:deepslate_diamond_ore":11,"minecraft:obsidian":14,"minecraft:ladder":1,"minecraft:granite":3,"minecraft:cobbled_deepslate_slab":7,"minecraft:grass_block":28,"minecraft:composter":1,"minecraft:sandstone":5,"minecraft:oxeye_daisy":1,"minecraft:hay_block":36,"minecraft:tall_seagrass":5,"minecraft:carrots":3,"minecraft:fire":17,"minecraft:iron_ore":8,"minecraft:cobbled_deepslate":3,"minecraft:deepslate_iron_ore":5,"minecraft:cobblestone_slab":5,"minecraft:dirt_path":1,"minecraft:stone":75,"minecraft:kelp_plant":23,"minecraft:crafting_table":2,"minecraft:short_grass":8,"minecraft:blast_furnace":3,"minecraft:poppy":2,"minecraft:chest":1,"minecraft:tall_grass":1,"minecraft:cobblestone":5,"minecraft:deepslate_gold_ore":2,"minecraft:oak_planks":3,"minecraft:sugar_cane":58,"minecraft:diorite":9,"minecraft:seagrass":8,"minecraft:birch_log":31,"minecraft:yellow_bed":1,"minecraft:oak_log":53,"minecraft:coal_ore":20,"minecraft:sand":46,"minecraft:gravel":30,"minecraft:dirt":10,"minecraft:netherrack":36,"minecraft:deepslate":88},"minecraft:custom":{"minecraft:mob_kills":54,"minecraft:interact_with_crafting_table":29,"minecraft:leave_game":2,"minecraft:time_since_death":82318,"minecraft:climb_one_cm":875,"minecraft:sprint_one_cm":228012,"minecraft:walk_one_cm":144194,"minecraft:damage_blocked_by_shield":185,"minecraft:drop":54,"minecraft:play_time":82318,"minecraft:sneak_time":7771,"minecraft:walk_under_water_one_cm":27706,"minecraft:boat_one_cm":25665,"minecraft:jump":1881,"minecraft:interact_with_blast_furnace":2,"minecraft:walk_on_water_one_cm":16861,"minecraft:total_world_time":82318,"minecraft:interact_with_furnace":7,"minecraft:sleep_in_bed":3,"minecraft:time_since_rest":27693,"minecraft:damage_taken":1251,"minecraft:damage_dealt":10964,"minecraft:fly_one_cm":396134,"minecraft:swim_one_cm":57707,"minecraft:open_chest":17,"minecraft:crouch_one_cm":23307,"minecraft:interact_with_smoker":37,"minecraft:fall_one_cm":45194},"minecraft:used":{"minecraft:stone_sword":14,"minecraft:flint_and_steel":3,"minecraft:stone_shovel":89,"minecraft:dried_kelp":45,"minecraft:ladder":1,"minecraft:poppy":3,"minecraft:chest":2,"minecraft:shield":8,"minecraft:cooked_salmon":2,"minecraft:stone_hoe":37,"minecraft:netherrack":32,"minecraft:oak_door":2,"minecraft:torch":36,"minecraft:dirt":46,"minecraft:granite":3,"minecraft:obsidian":13,"minecraft:lava_bucket":5,"minecraft:furnace":1,"minecraft:cooked_cod":2,"minecraft:egg":1,"minecraft:cooked_beef":1,"minecraft:cobbled_deepslate":13,"minecraft:water_bucket":94,"minecraft:diorite":9,"minecraft:stone_pickaxe":13,"minecraft:oak_planks":54,"minecraft:wooden_pickaxe":16,"minecraft:sandstone":5,"minecraft:diamond_axe":31,"minecraft:sugar_cane":80,"minecraft:cobblestone_slab":118,"minecraft:white_wool":1,"minecraft:sand":11,"minecraft:crafting_table":9,"minecraft:blast_furnace":2,"minecraft:smoker":1,"minecraft:oak_log":3,"minecraft:diamond_pickaxe":101,"minecraft:bread":20,"minecraft:string":2,"minecraft:iron_pickaxe":179,"minecraft:gravel":2,"minecraft:stone_axe":116,"minecraft:diamond_sword":83,"minecraft:cobblestone":6,"minecraft:cobbled_deepslate_slab":137,"minecraft:bucket":100,"minecraft:yellow_bed":2,"minecraft:oak_boat":1},"minecraft:dropped":{"minecraft:water_bucket":1,"minecraft:bread":28,"minecraft:diamond_axe":1,"minecraft:diamond":3,"minecraft:crafting_table":1,"minecraft:dirt":1,"minecraft:green_carpet":1,"minecraft:dried_kelp":16,"minecraft:sand":13,"minecraft:iron_pickaxe":1,"minecraft:oak_door":2,"minecraft:stone_axe":3,"minecraft:stone_sword":1,"minecraft:cobbled_deepslate":2,"minecraft:stone_shovel":1,"minecraft:wheat":1,"minecraft:composter":1,"minecraft:rotten_flesh":7,"minecraft:oak_planks":1,"minecraft:cobbled_deepslate_slab":6,"minecraft:shield":1,"minecraft:arrow":2,"minecraft:wooden_pickaxe":3,"minecraft:raw_gold":2},"minecraft:picked_up":{"minecraft:crafting_table":2,"minecraft:ladder":1,"minecraft:wooden_pickaxe":2,"minecraft:string":2,"minecraft:gold_nugget":25,"minecraft:cobbled_deepslate":86,"minecraft:beef":13,"minecraft:cobblestone_slab":10,"minecraft:poppy":5,"minecraft:sugar_cane":80,"minecraft:chest":1,"minecraft:egg":1,"minecraft:raw_iron":13,"minecraft:sandstone":5,"minecraft:oak_door":1,"minecraft:composter":1,"minecraft:torch":2,"minecraft:porkchop":13,"minecraft:diorite":9,"minecraft:carrot":12,"minecraft:rotten_flesh":17,"minecraft:arrow":4,"minecraft:hay_block":34,"minecraft:obsidian":13,"minecraft:mutton":13,"minecraft:white_wool":8,"minecraft:cobblestone":80,"minecraft:oxeye_daisy":1,"minecraft:birch_log":31,"minecraft:water_bucket":1,"minecraft:leather":13,"minecraft:flint":1,"minecraft:oak_log":53,"minecraft:yellow_bed":2,"minecraft:gunpowder":7,"minecraft:dirt":47,"minecraft:bone":9,"minecraft:kelp":141,"minecraft:wheat_seeds":2,"minecraft:raw_gold":2,"minecraft:cobbled_deepslate_slab":17,"minecraft:iron_ingot":12,"minecraft:oak_planks":3,"minecraft:gravel":28,"minecraft:sand":24,"minecraft:blast_furnace":3,"minecraft:green_carpet":1,"minecraft:spider_eye":1,"minecraft:diamond":14,"minecraft:stone_axe":1,"minecraft:granite":3,"minecraft:netherrack":36,"minecraft:coal":29},"minecraft:crafted":{"minecraft:oak_door":3,"minecraft:cobbled_deepslate_slab":126,"minecraft:oak_planks":156,"minecraft:cobblestone_slab":108,"minecraft:stone_shovel":1,"minecraft:furnace":2,"minecraft:flint_and_steel":1,"minecraft:iron_boots":1,"minecraft:stone_pickaxe":1,"minecraft:chest":1,"minecraft:stone_hoe":1,"minecraft:golden_boots":1,"minecraft:smoker":1,"minecraft:wheat":306,"minecraft:cooked_beef":13,"minecraft:diamond_sword":1,"minecraft:diamond_axe":2,"minecraft:crafting_table":8,"minecraft:iron_helmet":1,"minecraft:dried_kelp":117,"minecraft:wooden_pickaxe":1,"minecraft:bucket":1,"minecraft:birch_planks":124,"minecraft:stone_axe":1,"minecraft:bread":103,"minecraft:air":0,"minecraft:oak_boat":1,"minecraft:iron_chestplate":1,"minecraft:diamond_pickaxe":1,"minecraft:shield":2,"minecraft:stick":48,"minecraft:iron_ingot":13,"minecraft:iron_pickaxe":1,"minecraft:stone_sword":1,"minecraft:iron_leggings":1,"minecraft:torch":84},"minecraft:killed":{"minecraft:spider":2,"minecraft:skeleton":9,"minecraft:drowned":2,"minecraft:piglin":2,"minecraft:pig":6,"minecraft:zombie_villager":2,"minecraft:iron_golem":3,"minecraft:creeper":5,"minecraft:sheep":8,"minecraft:zombie":8,"minecraft:donkey":1,"minecraft:cow":6}},"DataVersion":3953}