{"stats":{"minecraft:broken":{"minecraft:stone_hoe":1},"minecraft:custom":{"minecraft:interact_with_crafting_table":71,"minecraft:leave_game":5,"minecraft:time_since_death":18388,"minecraft:sprint_one_cm":695387,"minecraft:damage_blocked_by_shield":366,"minecraft:drop":123,"minecraft:talked_to_villager":447,"minecraft:play_time":263921,"minecraft:deaths":1,"minecraft:jump":6188,"minecraft:walk_on_water_one_cm":33173,"minecraft:enchant_item":3,"minecraft:interact_with_furnace":39,"minecraft:traded_with_villager":103,"minecraft:sleep_in_bed":15,"minecraft:damage_dealt":26810,"minecraft:crouch_one_cm":59357,"minecraft:interact_with_smoker":45,"minecraft:mob_kills":158,"minecraft:interact_with_anvil":3,"minecraft:interact_with_campfire":32,"minecraft:climb_one_cm":1331,"minecraft:walk_one_cm":496034,"minecraft:sneak_time":14997,"minecraft:walk_under_water_one_cm":35010,"minecraft:boat_one_cm":78354,"minecraft:interact_with_blast_furnace":2,"minecraft:total_world_time":263921,"minecraft:time_since_rest":18636,"minecraft:damage_taken":4063,"minecraft:swim_one_cm":118240,"minecraft:fly_one_cm":1274521,"minecraft:open_chest":143,"minecraft:fall_one_cm":177304},"minecraft:picked_up":{"minecraft:iron_chestplate":1,"minecraft:wheat":5,"minecraft:diamond_sword":1,"minecraft:string":6,"minecraft:soul_soil":5,"minecraft:iron_leggings":2,"minecraft:beetroot":3,"minecraft:diamond_leggings":2,"minecraft:gold_nugget":25,"minecraft:cobbled_deepslate":137,"minecraft:spruce_planks":110,"minecraft:cobblestone_slab":10,"minecraft:ender_eye":4,"minecraft:iron_boots":1,"minecraft:stick":12,"minecraft:composter":1,"minecraft:torch":6,"minecraft:porkchop":62,"minecraft:diorite":9,"minecraft:stone_sword":2,"minecraft:rotten_flesh":24,"minecraft:blaze_rod":38,"minecraft:obsidian":13,"minecraft:cobblestone":82,"minecraft:birch_log":31,"minecraft:water_bucket":3,"minecraft:potato":11,"minecraft:smoker":1,"minecraft:flint":6,"minecraft:dirt":366,"minecraft:twisting_vines":13,"minecraft:bone":24,"minecraft:bow":1,"minecraft:wheat_seeds":21,"minecraft:cobbled_deepslate_slab":36,"minecraft:raw_gold":7,"minecraft:fletching_table":6,"minecraft:oak_planks":22,"minecraft:stone_hoe":2,"minecraft:cooked_porkchop":97,"minecraft:sand":24,"minecraft:diamond":14,"minecraft:cracked_polished_blackstone_bricks":1,"minecraft:granite":16,"minecraft:golden_apple":1,"minecraft:bread":15,"minecraft:oak_sapling":5,"minecraft:netherrack":169,"minecraft:diamond_pickaxe":1,"minecraft:fishing_rod":1,"minecraft:crafting_table":2,"minecraft:azure_bluet":1,"minecraft:chicken":2,"minecraft:ladder":1,"minecraft:wooden_pickaxe":2,"minecraft:gold_block":2,"minecraft:shield":2,"minecraft:cornflower":1,"minecraft:beef":115,"minecraft:oak_boat":1,"minecraft:poppy":11,"minecraft:light_gray_wool":3,"minecraft:lectern":249,"minecraft:chest":2,"minecraft:sugar_cane":387,"minecraft:egg":4,"minecraft:raw_iron":13,"minecraft:sandstone":5,"minecraft:oak_door":1,"minecraft:polished_blackstone_bricks":16,"minecraft:carrot":292,"minecraft:arrow":7,"minecraft:diamond_chestplate":2,"minecraft:beetroot_seeds":8,"minecraft:nether_bricks":1,"minecraft:hay_block":34,"minecraft:gold_ingot":8,"minecraft:mutton":35,"minecraft:white_wool":39,"minecraft:oxeye_daisy":1,"minecraft:basalt":1,"minecraft:salmon":6,"minecraft:leather":79,"minecraft:oak_log":107,"minecraft:golden_boots":2,"minecraft:yellow_bed":2,"minecraft:gunpowder":10,"minecraft:cooked_mutton":33,"minecraft:apple":3,"minecraft:kelp":141,"minecraft:iron_ingot":24,"minecraft:book":40,"minecraft:warped_fungus":2,"minecraft:quartz":41,"minecraft:dandelion":4,"minecraft:gravel":93,"minecraft:spruce_sapling":45,"minecraft:blast_furnace":4,"minecraft:white_bed":1,"minecraft:spruce_log":537,"minecraft:green_carpet":1,"minecraft:spider_eye":4,"minecraft:diamond_shovel":1,"minecraft:stone_axe":1,"minecraft:short_grass":1,"minecraft:iron_helmet":1,"minecraft:diamond_axe":1,"minecraft:warped_roots":9,"minecraft:warped_nylium":5,"minecraft:coal":29,"minecraft:ender_pearl":25},"minecraft:dropped":{"minecraft:iron_sword":1,"minecraft:porkchop":3,"minecraft:diamond_axe":2,"minecraft:lapis_lazuli":33,"minecraft:cooked_beef":19,"minecraft:ender_pearl":4,"minecraft:diamond":3,"minecraft:crafting_table":1,"minecraft:cooked_porkchop":10,"minecraft:gold_block":4,"minecraft:dirt":1,"minecraft:cracked_polished_blackstone_bricks":1,"minecraft:sand":13,"minecraft:iron_pickaxe":1,"minecraft:gold_ingot":2,"minecraft:bone":2,"minecraft:oak_door":2,"minecraft:gravel":1,"minecraft:stone_axe":3,"minecraft:cobbled_deepslate":2,"minecraft:wheat":1,"minecraft:rotten_flesh":14,"minecraft:oak_planks":48,"minecraft:cooked_mutton":19,"minecraft:carrot":64,"minecraft:poppy":3,"minecraft:basalt":1,"minecraft:arrow":128,"minecraft:quartz":4,"minecraft:netherrack":1,"minecraft:stone_hoe":1,"minecraft:golden_boots":2,"minecraft:water_bucket":1,"minecraft:iron_ingot":14,"minecraft:bread":55,"minecraft:book":48,"minecraft:apple":3,"minecraft:torch":32,"minecraft:green_carpet":1,"minecraft:iron_leggings":2,"minecraft:dried_kelp":39,"minecraft:spruce_sapling":3,"minecraft:stone_sword":3,"minecraft:composter":1,"minecraft:stone_shovel":1,"minecraft:chicken":2,"minecraft:cobbled_deepslate_slab":6,"minecraft:shield":2,"minecraft:iron_chestplate":1,"minecraft:diamond_pickaxe":1,"minecraft:oak_sapling":3,"minecraft:spider_eye":2,"minecraft:bow":1,"minecraft:wooden_pickaxe":3,"minecraft:raw_gold":2},"minecraft:mined":{"minecraft:spruce_planks":6,"minecraft:white_bed":1,"minecraft:farmland":25,"minecraft:obsidian":14,"minecraft:granite":16,"minecraft:grass_block":188,"minecraft:cracked_polished_blackstone_bricks":1,"minecraft:soul_soil":2,"minecraft:composter":1,"minecraft:oxeye_daisy":1,"minecraft:polished_blackstone_bricks":17,"minecraft:tall_seagrass":5,"minecraft:iron_ore":8,"minecraft:cobbled_deepslate":3,"minecraft:fire":26,"minecraft:fletching_table":6,"minecraft:azure_bluet":1,"minecraft:twisting_vines":7,"minecraft:dirt_path":7,"minecraft:kelp_plant":23,"minecraft:twisting_vines_plant":8,"minecraft:soul_fire":5,"minecraft:torch":1,"minecraft:blast_furnace":3,"minecraft:poppy":3,"minecraft:chest":2,"minecraft:nether_quartz_ore":22,"minecraft:cobblestone":5,"minecraft:sugar_cane":294,"minecraft:oak_planks":10,"minecraft:wall_torch":1,"minecraft:seagrass":8,"minecraft:warped_nylium":10,"minecraft:birch_log":31,"minecraft:light_gray_wool":3,"minecraft:warped_fungus":1,"minecraft:oak_log":107,"minecraft:sand":46,"minecraft:dirt":49,"minecraft:netherrack":157,"minecraft:oak_leaves":39,"minecraft:deepslate":88,"minecraft:nether_gold_ore":8,"minecraft:deepslate_diamond_ore":11,"minecraft:nether_bricks":1,"minecraft:ladder":1,"minecraft:cobbled_deepslate_slab":23,"minecraft:spruce_leaves":9,"minecraft:sandstone":5,"minecraft:large_fern":1,"minecraft:hay_block":36,"minecraft:carrots":85,"minecraft:deepslate_iron_ore":5,"minecraft:cobblestone_slab":5,"minecraft:stone":75,"minecraft:basalt":1,"minecraft:crafting_table":2,"minecraft:short_grass":28,"minecraft:warped_roots":1,"minecraft:lectern":249,"minecraft:campfire":1,"minecraft:tall_grass":4,"minecraft:deepslate_gold_ore":2,"minecraft:diorite":9,"minecraft:spruce_log":337,"minecraft:yellow_bed":1,"minecraft:coal_ore":20,"minecraft:gravel":99},"minecraft:used":{"minecraft:iron_shovel":99,"minecraft:spruce_slab":6,"minecraft:bone_block":1,"minecraft:poppy":6,"minecraft:ladder":1,"minecraft:chest":5,"minecraft:shield":12,"minecraft:iron_sword":3,"minecraft:iron_chestplate":1,"minecraft:nether_bricks":1,"minecraft:carrot":228,"minecraft:azure_bluet":1,"minecraft:obsidian":13,"minecraft:lava_bucket":5,"minecraft:bow":47,"minecraft:furnace":1,"minecraft:cooked_cod":2,"minecraft:egg":4,"minecraft:golden_boots":3,"minecraft:short_grass":1,"minecraft:diorite":9,"minecraft:stone_pickaxe":13,"minecraft:oak_planks":145,"minecraft:ender_pearl":1,"minecraft:wooden_pickaxe":16,"minecraft:sandstone":5,"minecraft:diamond_axe":745,"minecraft:sugar_cane":82,"minecraft:white_wool":1,"minecraft:sand":11,"minecraft:blast_furnace":2,"minecraft:bread":24,"minecraft:string":2,"minecraft:lectern":251,"minecraft:gravel":71,"minecraft:diamond_sword":273,"minecraft:oak_boat":3,"minecraft:bone_meal":150,"minecraft:stone_sword":14,"minecraft:flint_and_steel":39,"minecraft:stone_shovel":89,"minecraft:dried_kelp":78,"minecraft:spruce_planks":111,"minecraft:cooked_salmon":2,"minecraft:stone_hoe":220,"minecraft:netherrack":76,"minecraft:oak_door":2,"minecraft:torch":39,"minecraft:dirt":367,"minecraft:twisting_vines":6,"minecraft:salmon_bucket":1,"minecraft:granite":15,"minecraft:bookshelf":4,"minecraft:iron_boots":2,"minecraft:diamond_chestplate":1,"minecraft:light_gray_wool":3,"minecraft:soul_soil":5,"minecraft:cooked_beef":14,"minecraft:cobbled_deepslate":13,"minecraft:cooked_mutton":8,"minecraft:water_bucket":108,"minecraft:fletching_table":9,"minecraft:cobblestone_slab":118,"minecraft:polished_blackstone_bricks":13,"minecraft:crafting_table":11,"minecraft:white_bed":12,"minecraft:smoker":2,"minecraft:spruce_log":5,"minecraft:oak_log":3,"minecraft:ender_eye":6,"minecraft:diamond_pickaxe":305,"minecraft:cornflower":1,"minecraft:diamond_shovel":186,"minecraft:iron_pickaxe":179,"minecraft:spruce_sapling":37,"minecraft:stone_axe":116,"minecraft:cobblestone":8,"minecraft:cobbled_deepslate_slab":156,"minecraft:cooked_porkchop":17,"minecraft:bucket":115,"minecraft:yellow_bed":2,"minecraft:dandelion":4,"minecraft:diamond_leggings":1},"minecraft:killed":{"minecraft:spider":4,"minecraft:skeleton":11,"minecraft:chicken":2,"minecraft:piglin":2,"minecraft:pig":21,"minecraft:zombie_villager":2,"minecraft:salmon":7,"minecraft:iron_golem":4,"minecraft:creeper":7,"minecraft:sheep":18,"minecraft:zombie":12,"minecraft:donkey":3,"minecraft:ghast":2,"minecraft:blaze":8,"minecraft:cow":39,"minecraft:drowned":2,"minecraft:hoglin":1,"minecraft:enderman":12},"minecraft:crafted":{"minecraft:oak_planks":400,"minecraft:cobblestone_slab":108,"minecraft:blaze_powder":40,"minecraft:bookshelf":7,"minecraft:cooked_mutton":5,"minecraft:bow":1,"minecraft:iron_boots":1,"minecraft:chest":4,"minecraft:stone_hoe":1,"minecraft:ender_eye":16,"minecraft:golden_boots":3,"minecraft:smoker":1,"minecraft:oak_slab":6,"minecraft:arrow":128,"minecraft:emerald":92,"minecraft:cooked_porkchop":45,"minecraft:diamond_axe":2,"minecraft:crafting_table":10,"minecraft:spruce_planks":2064,"minecraft:wooden_pickaxe":1,"minecraft:iron_helmet":1,"minecraft:fletching_table":3,"minecraft:birch_planks":124,"minecraft:lectern":3,"minecraft:book":69,"minecraft:iron_chestplate":1,"minecraft:paper":303,"minecraft:diamond_pickaxe":1,"minecraft:shield":2,"minecraft:stick":3496,"minecraft:iron_ingot":14,"minecraft:iron_pickaxe":1,"minecraft:stone_sword":1,"minecraft:gold_ingot":20,"minecraft:oak_door":3,"minecraft:cobbled_deepslate_slab":138,"minecraft:stone_shovel":1,"minecraft:furnace":2,"minecraft:bone_meal":150,"minecraft:flint_and_steel":1,"minecraft:spruce_slab":18,"minecraft:stone_pickaxe":1,"minecraft:wheat":306,"minecraft:cooked_beef":84,"minecraft:diamond_sword":1,"minecraft:dried_kelp":117,"minecraft:bucket":1,"minecraft:stone_axe":1,"minecraft:enchanted_book":2,"minecraft:bread":103,"minecraft:air":0,"minecraft:oak_boat":2,"minecraft:iron_shovel":1,"minecraft:iron_leggings":1,"minecraft:white_bed":12,"minecraft:torch":84}},"DataVersion":3953}