{"stats":{"minecraft:mined":{"minecraft:kelp_plant":23,"minecraft:crafting_table":2,"minecraft:short_grass":5,"minecraft:blast_furnace":1,"minecraft:grass_block":22,"minecraft:poppy":2,"minecraft:chest":1,"minecraft:composter":1,"minecraft:sugar_cane":18,"minecraft:oxeye_daisy":1,"minecraft:sandstone":5,"minecraft:hay_block":36,"minecraft:seagrass":8,"minecraft:tall_seagrass":5,"minecraft:birch_log":31,"minecraft:oak_log":20,"minecraft:gravel":28,"minecraft:dirt":2,"minecraft:sand":46,"minecraft:stone":24},"minecraft:custom":{"minecraft:mob_kills":33,"minecraft:interact_with_crafting_table":14,"minecraft:leave_game":2,"minecraft:time_since_death":34318,"minecraft:sleep_in_bed":1,"minecraft:time_since_rest":6781,"minecraft:sprint_one_cm":106068,"minecraft:damage_taken":503,"minecraft:walk_one_cm":54825,"minecraft:damage_blocked_by_shield":20,"minecraft:drop":27,"minecraft:damage_dealt":4559,"minecraft:swim_one_cm":43700,"minecraft:fly_one_cm":179841,"minecraft:open_chest":4,"minecraft:crouch_one_cm":481,"minecraft:play_time":34318,"minecraft:sneak_time":956,"minecraft:walk_under_water_one_cm":11487,"minecraft:boat_one_cm":25665,"minecraft:jump":786,"minecraft:walk_on_water_one_cm":13387,"minecraft:interact_with_smoker":37,"minecraft:total_world_time":34318,"minecraft:fall_one_cm":15668},"minecraft:used":{"minecraft:stone_sword":14,"minecraft:stone_shovel":85,"minecraft:stone_pickaxe":13,"minecraft:dried_kelp":45,"minecraft:oak_planks":11,"minecraft:wooden_pickaxe":16,"minecraft:shield":1,"minecraft:sandstone":5,"minecraft:sugar_cane":41,"minecraft:cooked_salmon":2,"minecraft:stone_hoe":37,"minecraft:oak_door":1,"minecraft:dirt":23,"minecraft:sand":11,"minecraft:crafting_table":7,"minecraft:smoker":1,"minecraft:bread":1,"minecraft:iron_pickaxe":1,"minecraft:string":2,"minecraft:stone_axe":96,"minecraft:cooked_cod":2,"minecraft:bucket":1,"minecraft:oak_boat":1},"minecraft:dropped":{"minecraft:oak_door":2,"minecraft:stone_axe":1,"minecraft:crafting_table":1,"minecraft:wheat":1,"minecraft:composter":1,"minecraft:rotten_flesh":1,"minecraft:shield":1,"minecraft:dried_kelp":16,"minecraft:sand":13,"minecraft:wooden_pickaxe":3},"minecraft:picked_up":{"minecraft:birch_log":31,"minecraft:crafting_table":2,"minecraft:leather":13,"minecraft:wooden_pickaxe":2,"minecraft:flint":1,"minecraft:oak_log":20,"minecraft:gunpowder":3,"minecraft:dirt":23,"minecraft:string":2,"minecraft:bone":3,"minecraft:kelp":141,"minecraft:wheat_seeds":1,"minecraft:beef":13,"minecraft:poppy":2,"minecraft:chest":1,"minecraft:sugar_cane":41,"minecraft:sandstone":5,"minecraft:composter":1,"minecraft:gravel":26,"minecraft:porkchop":13,"minecraft:sand":24,"minecraft:blast_furnace":1,"minecraft:spider_eye":1,"minecraft:arrow":2,"minecraft:rotten_flesh":11,"minecraft:hay_block":34,"minecraft:mutton":11,"minecraft:white_wool":7,"minecraft:cobblestone":24,"minecraft:oxeye_daisy":1},"minecraft:crafted":{"minecraft:oak_door":3,"minecraft:oak_planks":64,"minecraft:stone_shovel":1,"minecraft:crafting_table":6,"minecraft:dried_kelp":117,"minecraft:wooden_pickaxe":1,"minecraft:furnace":1,"minecraft:bucket":1,"minecraft:birch_planks":124,"minecraft:stone_axe":1,"minecraft:bread":103,"minecraft:air":0,"minecraft:oak_boat":1,"minecraft:shield":2,"minecraft:stick":16,"minecraft:iron_pickaxe":1,"minecraft:stone_pickaxe":1,"minecraft:stone_sword":1,"minecraft:torch":8,"minecraft:stone_hoe":1,"minecraft:wheat":306,"minecraft:smoker":1},"minecraft:killed":{"minecraft:pig":6,"minecraft:zombie_villager":1,"minecraft:spider":1,"minecraft:creeper":2,"minecraft:sheep":7,"minecraft:skeleton":2,"minecraft:donkey":1,"minecraft:zombie":5,"minecraft:drowned":2,"minecraft:cow":6}},"DataVersion":3953}