{"stats":{"minecraft:mined":{"minecraft:nether_gold_ore":8,"minecraft:deepslate_diamond_ore":11,"minecraft:obsidian":14,"minecraft:ladder":1,"minecraft:granite":4,"minecraft:cobbled_deepslate_slab":7,"minecraft:grass_block":28,"minecraft:spruce_leaves":7,"minecraft:composter":1,"minecraft:sandstone":5,"minecraft:oxeye_daisy":1,"minecraft:large_fern":1,"minecraft:hay_block":36,"minecraft:tall_seagrass":5,"minecraft:carrots":3,"minecraft:fire":17,"minecraft:iron_ore":8,"minecraft:cobbled_deepslate":3,"minecraft:azure_bluet":1,"minecraft:deepslate_iron_ore":5,"minecraft:cobblestone_slab":5,"minecraft:dirt_path":1,"minecraft:stone":75,"minecraft:kelp_plant":23,"minecraft:crafting_table":2,"minecraft:short_grass":10,"minecraft:blast_furnace":3,"minecraft:poppy":2,"minecraft:chest":1,"minecraft:campfire":1,"minecraft:tall_grass":1,"minecraft:cobblestone":5,"minecraft:deepslate_gold_ore":2,"minecraft:oak_planks":10,"minecraft:sugar_cane":58,"minecraft:diorite":9,"minecraft:seagrass":8,"minecraft:birch_log":31,"minecraft:spruce_log":109,"minecraft:yellow_bed":1,"minecraft:oak_log":75,"minecraft:coal_ore":20,"minecraft:sand":46,"minecraft:gravel":30,"minecraft:dirt":10,"minecraft:netherrack":36,"minecraft:deepslate":88},"minecraft:custom":{"minecraft:mob_kills":76,"minecraft:interact_with_crafting_table":31,"minecraft:interact_with_campfire":4,"minecraft:leave_game":2,"minecraft:time_since_death":94318,"minecraft:climb_one_cm":875,"minecraft:sprint_one_cm":277206,"minecraft:walk_one_cm":165022,"minecraft:damage_blocked_by_shield":185,"minecraft:drop":57,"minecraft:play_time":94318,"minecraft:sneak_time":7833,"minecraft:walk_under_water_one_cm":28017,"minecraft:boat_one_cm":78354,"minecraft:jump":2237,"minecraft:interact_with_blast_furnace":2,"minecraft:walk_on_water_one_cm":17617,"minecraft:total_world_time":94318,"minecraft:interact_with_furnace":13,"minecraft:sleep_in_bed":4,"minecraft:time_since_rest":35,"minecraft:damage_taken":1314,"minecraft:damage_dealt":13249,"minecraft:fly_one_cm":468400,"minecraft:swim_one_cm":75077,"minecraft:open_chest":19,"minecraft:crouch_one_cm":23638,"minecraft:interact_with_smoker":37,"minecraft:fall_one_cm":52939},"minecraft:used":{"minecraft:stone_sword":14,"minecraft:flint_and_steel":3,"minecraft:stone_shovel":89,"minecraft:dried_kelp":47,"minecraft:ladder":1,"minecraft:poppy":3,"minecraft:chest":2,"minecraft:shield":8,"minecraft:cooked_salmon":2,"minecraft:stone_hoe":37,"minecraft:netherrack":32,"minecraft:oak_door":2,"minecraft:torch":36,"minecraft:dirt":46,"minecraft:azure_bluet":1,"minecraft:granite":3,"minecraft:obsidian":13,"minecraft:lava_bucket":5,"minecraft:furnace":1,"minecraft:cooked_cod":2,"minecraft:egg":1,"minecraft:cooked_beef":2,"minecraft:cobbled_deepslate":13,"minecraft:water_bucket":95,"minecraft:diorite":9,"minecraft:stone_pickaxe":13,"minecraft:oak_planks":61,"minecraft:wooden_pickaxe":16,"minecraft:sandstone":5,"minecraft:diamond_axe":202,"minecraft:sugar_cane":80,"minecraft:cobblestone_slab":118,"minecraft:white_wool":1,"minecraft:sand":11,"minecraft:crafting_table":10,"minecraft:blast_furnace":2,"minecraft:spruce_log":4,"minecraft:smoker":1,"minecraft:oak_log":3,"minecraft:diamond_pickaxe":102,"minecraft:bread":21,"minecraft:string":2,"minecraft:iron_pickaxe":179,"minecraft:gravel":2,"minecraft:stone_axe":116,"minecraft:diamond_sword":89,"minecraft:cobblestone":6,"minecraft:cobbled_deepslate_slab":137,"minecraft:bucket":101,"minecraft:yellow_bed":2,"minecraft:oak_boat":3},"minecraft:dropped":{"minecraft:water_bucket":1,"minecraft:bread":28,"minecraft:diamond_axe":1,"minecraft:diamond":3,"minecraft:crafting_table":1,"minecraft:dirt":1,"minecraft:green_carpet":1,"minecraft:dried_kelp":16,"minecraft:sand":13,"minecraft:iron_pickaxe":1,"minecraft:oak_door":2,"minecraft:stone_axe":3,"minecraft:stone_sword":1,"minecraft:cobbled_deepslate":2,"minecraft:stone_shovel":1,"minecraft:wheat":1,"minecraft:composter":1,"minecraft:rotten_flesh":7,"minecraft:oak_planks":1,"minecraft:cooked_mutton":3,"minecraft:cobbled_deepslate_slab":6,"minecraft:shield":1,"minecraft:arrow":2,"minecraft:wooden_pickaxe":3,"minecraft:raw_gold":2},"minecraft:picked_up":{"minecraft:crafting_table":2,"minecraft:azure_bluet":1,"minecraft:ladder":1,"minecraft:wooden_pickaxe":2,"minecraft:string":3,"minecraft:gold_nugget":25,"minecraft:cobbled_deepslate":86,"minecraft:beef":35,"minecraft:oak_boat":1,"minecraft:cobblestone_slab":10,"minecraft:poppy":5,"minecraft:sugar_cane":80,"minecraft:chest":1,"minecraft:egg":1,"minecraft:stick":3,"minecraft:raw_iron":13,"minecraft:sandstone":5,"minecraft:oak_door":1,"minecraft:composter":1,"minecraft:torch":2,"minecraft:porkchop":18,"minecraft:diorite":9,"minecraft:carrot":12,"minecraft:rotten_flesh":17,"minecraft:arrow":4,"minecraft:hay_block":34,"minecraft:obsidian":13,"minecraft:mutton":24,"minecraft:white_wool":13,"minecraft:cobblestone":80,"minecraft:oxeye_daisy":1,"minecraft:birch_log":31,"minecraft:water_bucket":1,"minecraft:leather":24,"minecraft:flint":1,"minecraft:oak_log":75,"minecraft:yellow_bed":2,"minecraft:gunpowder":8,"minecraft:dirt":47,"minecraft:cooked_mutton":7,"minecraft:bone":9,"minecraft:kelp":141,"minecraft:wheat_seeds":2,"minecraft:raw_gold":2,"minecraft:cobbled_deepslate_slab":17,"minecraft:iron_ingot":12,"minecraft:oak_planks":10,"minecraft:gravel":28,"minecraft:sand":24,"minecraft:spruce_sapling":19,"minecraft:blast_furnace":3,"minecraft:spruce_log":102,"minecraft:green_carpet":1,"minecraft:spider_eye":2,"minecraft:diamond":14,"minecraft:stone_axe":1,"minecraft:granite":4,"minecraft:netherrack":36,"minecraft:coal":29},"minecraft:crafted":{"minecraft:oak_door":3,"minecraft:cobbled_deepslate_slab":126,"minecraft:oak_planks":184,"minecraft:cobblestone_slab":108,"minecraft:stone_shovel":1,"minecraft:furnace":2,"minecraft:flint_and_steel":1,"minecraft:iron_boots":1,"minecraft:stone_pickaxe":1,"minecraft:chest":1,"minecraft:stone_hoe":1,"minecraft:golden_boots":1,"minecraft:smoker":1,"minecraft:wheat":306,"minecraft:cooked_beef":18,"minecraft:diamond_sword":1,"minecraft:cooked_porkchop":13,"minecraft:diamond_axe":2,"minecraft:crafting_table":9,"minecraft:iron_helmet":1,"minecraft:dried_kelp":117,"minecraft:wooden_pickaxe":1,"minecraft:bucket":1,"minecraft:birch_planks":124,"minecraft:stone_axe":1,"minecraft:bread":103,"minecraft:air":0,"minecraft:oak_boat":2,"minecraft:iron_chestplate":1,"minecraft:diamond_pickaxe":1,"minecraft:shield":2,"minecraft:stick":48,"minecraft:iron_ingot":13,"minecraft:iron_pickaxe":1,"minecraft:stone_sword":1,"minecraft:iron_leggings":1,"minecraft:torch":84},"minecraft:killed":{"minecraft:spider":3,"minecraft:skeleton":9,"minecraft:drowned":2,"minecraft:piglin":2,"minecraft:pig":9,"minecraft:zombie_villager":2,"minecraft:iron_golem":3,"minecraft:creeper":6,"minecraft:sheep":14,"minecraft:zombie":8,"minecraft:donkey":1,"minecraft:cow":17}},"DataVersion":3953}