{"stats":{"minecraft:mined":{"minecraft:kelp_plant":23,"minecraft:crafting_table":2,"minecraft:short_grass":2,"minecraft:chest":1,"minecraft:sugar_cane":15,"minecraft:sandstone":5,"minecraft:hay_block":36,"minecraft:seagrass":8,"minecraft:tall_seagrass":5,"minecraft:birch_log":31,"minecraft:oak_log":20,"minecraft:sand":46,"minecraft:stone":24},"minecraft:custom":{"minecraft:mob_kills":16,"minecraft:interact_with_crafting_table":14,"minecraft:leave_game":2,"minecraft:time_since_death":29052,"minecraft:sleep_in_bed":1,"minecraft:time_since_rest":1515,"minecraft:sprint_one_cm":83450,"minecraft:damage_taken":483,"minecraft:walk_one_cm":37747,"minecraft:damage_blocked_by_shield":20,"minecraft:drop":26,"minecraft:damage_dealt":2999,"minecraft:swim_one_cm":43700,"minecraft:fly_one_cm":129534,"minecraft:open_chest":4,"minecraft:crouch_one_cm":469,"minecraft:play_time":29052,"minecraft:sneak_time":924,"minecraft:walk_under_water_one_cm":11247,"minecraft:boat_one_cm":25665,"minecraft:jump":586,"minecraft:walk_on_water_one_cm":12296,"minecraft:total_world_time":29052,"minecraft:interact_with_smoker":37,"minecraft:fall_one_cm":11653},"minecraft:used":{"minecraft:stone_sword":14,"minecraft:stone_shovel":37,"minecraft:stone_pickaxe":13,"minecraft:dried_kelp":44,"minecraft:oak_planks":3,"minecraft:shield":1,"minecraft:wooden_pickaxe":16,"minecraft:sandstone":5,"minecraft:cooked_salmon":2,"minecraft:stone_hoe":37,"minecraft:oak_door":1,"minecraft:sand":11,"minecraft:crafting_table":7,"minecraft:smoker":1,"minecraft:string":2,"minecraft:stone_axe":77,"minecraft:cooked_cod":2,"minecraft:bucket":1,"minecraft:oak_boat":1},"minecraft:dropped":{"minecraft:oak_door":2,"minecraft:stone_axe":1,"minecraft:crafting_table":1,"minecraft:wheat":1,"minecraft:rotten_flesh":1,"minecraft:shield":1,"minecraft:dried_kelp":16,"minecraft:sand":13,"minecraft:wooden_pickaxe":3},"minecraft:picked_up":{"minecraft:birch_log":31,"minecraft:crafting_table":2,"minecraft:leather":6,"minecraft:wooden_pickaxe":2,"minecraft:oak_log":20,"minecraft:gunpowder":3,"minecraft:string":2,"minecraft:bone":3,"minecraft:kelp":141,"minecraft:wheat_seeds":1,"minecraft:beef":5,"minecraft:sugar_cane":35,"minecraft:chest":1,"minecraft:sandstone":5,"minecraft:sand":24,"minecraft:spider_eye":1,"minecraft:arrow":2,"minecraft:rotten_flesh":9,"minecraft:hay_block":34,"minecraft:cobblestone":24},"minecraft:crafted":{"minecraft:oak_door":3,"minecraft:oak_planks":64,"minecraft:stone_shovel":1,"minecraft:crafting_table":6,"minecraft:dried_kelp":117,"minecraft:wooden_pickaxe":1,"minecraft:furnace":1,"minecraft:bucket":1,"minecraft:birch_planks":124,"minecraft:stone_axe":1,"minecraft:bread":103,"minecraft:air":0,"minecraft:oak_boat":1,"minecraft:shield":2,"minecraft:stick":16,"minecraft:iron_pickaxe":1,"minecraft:stone_pickaxe":1,"minecraft:stone_sword":1,"minecraft:torch":8,"minecraft:stone_hoe":1,"minecraft:wheat":306,"minecraft:smoker":1},"minecraft:killed":{"minecraft:zombie_villager":1,"minecraft:spider":1,"minecraft:creeper":2,"minecraft:skeleton":2,"minecraft:donkey":1,"minecraft:zombie":5,"minecraft:drowned":2,"minecraft:cow":2}},"DataVersion":3953}