{"stats":{"minecraft:broken":{"minecraft:stone_hoe":1},"minecraft:custom":{"minecraft:interact_with_anvil":3,"minecraft:mob_kills":132,"minecraft:interact_with_crafting_table":68,"minecraft:interact_with_campfire":32,"minecraft:leave_game":5,"minecraft:time_since_death":233921,"minecraft:climb_one_cm":1154,"minecraft:sprint_one_cm":593598,"minecraft:walk_one_cm":439099,"minecraft:damage_blocked_by_shield":366,"minecraft:drop":102,"minecraft:talked_to_villager":446,"minecraft:play_time":233921,"minecraft:sneak_time":13795,"minecraft:walk_under_water_one_cm":32754,"minecraft:boat_one_cm":78354,"minecraft:jump":5131,"minecraft:interact_with_blast_furnace":2,"minecraft:walk_on_water_one_cm":29536,"minecraft:total_world_time":233921,"minecraft:interact_with_furnace":36,"minecraft:traded_with_villager":103,"minecraft:sleep_in_bed":15,"minecraft:time_since_rest":7165,"minecraft:damage_taken":3149,"minecraft:damage_dealt":20336,"minecraft:swim_one_cm":99655,"minecraft:fly_one_cm":1065037,"minecraft:open_chest":113,"minecraft:crouch_one_cm":54680,"minecraft:interact_with_smoker":45,"minecraft:fall_one_cm":142427},"minecraft:picked_up":{"minecraft:fishing_rod":1,"minecraft:crafting_table":2,"minecraft:iron_chestplate":1,"minecraft:wheat":5,"minecraft:azure_bluet":1,"minecraft:chicken":2,"minecraft:ladder":1,"minecraft:wooden_pickaxe":2,"minecraft:shield":1,"minecraft:cornflower":1,"minecraft:string":3,"minecraft:soul_soil":5,"minecraft:iron_leggings":2,"minecraft:beetroot":3,"minecraft:diamond_leggings":1,"minecraft:gold_nugget":25,"minecraft:cobbled_deepslate":86,"minecraft:spruce_planks":1,"minecraft:beef":112,"minecraft:oak_boat":1,"minecraft:cobblestone_slab":10,"minecraft:poppy":8,"minecraft:light_gray_wool":1,"minecraft:lectern":249,"minecraft:sugar_cane":384,"minecraft:chest":1,"minecraft:egg":4,"minecraft:stick":8,"minecraft:raw_iron":13,"minecraft:sandstone":5,"minecraft:oak_door":1,"minecraft:composter":1,"minecraft:torch":5,"minecraft:porkchop":62,"minecraft:polished_blackstone_bricks":16,"minecraft:diorite":9,"minecraft:carrot":292,"minecraft:diamond_chestplate":1,"minecraft:stone_sword":2,"minecraft:arrow":7,"minecraft:rotten_flesh":24,"minecraft:beetroot_seeds":8,"minecraft:hay_block":34,"minecraft:gold_ingot":8,"minecraft:obsidian":13,"minecraft:mutton":35,"minecraft:white_wool":39,"minecraft:cobblestone":82,"minecraft:oxeye_daisy":1,"minecraft:birch_log":31,"minecraft:basalt":1,"minecraft:water_bucket":2,"minecraft:salmon":3,"minecraft:leather":75,"minecraft:smoker":1,"minecraft:potato":11,"minecraft:flint":6,"minecraft:oak_log":107,"minecraft:golden_boots":1,"minecraft:yellow_bed":2,"minecraft:gunpowder":10,"minecraft:dirt":366,"minecraft:cooked_mutton":33,"minecraft:bone":24,"minecraft:apple":1,"minecraft:kelp":141,"minecraft:bow":1,"minecraft:wheat_seeds":21,"minecraft:raw_gold":7,"minecraft:cobbled_deepslate_slab":36,"minecraft:iron_ingot":12,"minecraft:fletching_table":6,"minecraft:stone_hoe":2,"minecraft:oak_planks":22,"minecraft:book":26,"minecraft:cooked_porkchop":32,"minecraft:dandelion":4,"minecraft:quartz":4,"minecraft:gravel":93,"minecraft:sand":24,"minecraft:spruce_sapling":24,"minecraft:blast_furnace":4,"minecraft:spruce_log":536,"minecraft:green_carpet":1,"minecraft:spider_eye":2,"minecraft:diamond":14,"minecraft:stone_axe":1,"minecraft:short_grass":1,"minecraft:cracked_polished_blackstone_bricks":1,"minecraft:granite":16,"minecraft:diamond_axe":1,"minecraft:bread":15,"minecraft:oak_sapling":1,"minecraft:netherrack":141,"minecraft:coal":29},"minecraft:dropped":{"minecraft:water_bucket":1,"minecraft:golden_boots":1,"minecraft:iron_ingot":14,"minecraft:bread":55,"minecraft:iron_sword":1,"minecraft:diamond_axe":2,"minecraft:cooked_beef":19,"minecraft:diamond":3,"minecraft:crafting_table":1,"minecraft:book":48,"minecraft:apple":1,"minecraft:gold_block":2,"minecraft:cracked_polished_blackstone_bricks":1,"minecraft:dirt":1,"minecraft:torch":32,"minecraft:iron_leggings":2,"minecraft:green_carpet":1,"minecraft:dried_kelp":39,"minecraft:sand":13,"minecraft:iron_pickaxe":1,"minecraft:spruce_sapling":3,"minecraft:bone":2,"minecraft:oak_door":2,"minecraft:gravel":1,"minecraft:stone_axe":3,"minecraft:stone_sword":3,"minecraft:cobbled_deepslate":2,"minecraft:wheat":1,"minecraft:composter":1,"minecraft:stone_shovel":1,"minecraft:chicken":2,"minecraft:rotten_flesh":14,"minecraft:oak_planks":48,"minecraft:cooked_mutton":19,"minecraft:cobbled_deepslate_slab":6,"minecraft:poppy":1,"minecraft:shield":2,"minecraft:diamond_pickaxe":1,"minecraft:iron_chestplate":1,"minecraft:basalt":1,"minecraft:bow":1,"minecraft:arrow":128,"minecraft:wooden_pickaxe":3,"minecraft:raw_gold":2,"minecraft:quartz":4,"minecraft:netherrack":1,"minecraft:stone_hoe":1},"minecraft:mined":{"minecraft:nether_gold_ore":8,"minecraft:spruce_planks":1,"minecraft:farmland":25,"minecraft:deepslate_diamond_ore":11,"minecraft:obsidian":14,"minecraft:ladder":1,"minecraft:granite":16,"minecraft:cobbled_deepslate_slab":23,"minecraft:grass_block":188,"minecraft:cracked_polished_blackstone_bricks":1,"minecraft:soul_soil":2,"minecraft:spruce_leaves":9,"minecraft:composter":1,"minecraft:oxeye_daisy":1,"minecraft:sandstone":5,"minecraft:hay_block":36,"minecraft:large_fern":1,"minecraft:polished_blackstone_bricks":17,"minecraft:tall_seagrass":5,"minecraft:carrots":85,"minecraft:iron_ore":8,"minecraft:fire":22,"minecraft:cobbled_deepslate":3,"minecraft:fletching_table":6,"minecraft:azure_bluet":1,"minecraft:dirt_path":7,"minecraft:cobblestone_slab":5,"minecraft:deepslate_iron_ore":5,"minecraft:stone":75,"minecraft:kelp_plant":23,"minecraft:soul_fire":5,"minecraft:basalt":1,"minecraft:crafting_table":2,"minecraft:torch":1,"minecraft:short_grass":23,"minecraft:blast_furnace":3,"minecraft:poppy":2,"minecraft:chest":1,"minecraft:campfire":1,"minecraft:lectern":249,"minecraft:nether_quartz_ore":6,"minecraft:tall_grass":4,"minecraft:cobblestone":5,"minecraft:deepslate_gold_ore":2,"minecraft:oak_planks":10,"minecraft:sugar_cane":294,"minecraft:diorite":9,"minecraft:seagrass":8,"minecraft:birch_log":31,"minecraft:spruce_log":337,"minecraft:light_gray_wool":1,"minecraft:yellow_bed":1,"minecraft:coal_ore":20,"minecraft:oak_log":107,"minecraft:gravel":99,"minecraft:dirt":49,"minecraft:sand":46,"minecraft:netherrack":139,"minecraft:oak_leaves":8,"minecraft:deepslate":88},"minecraft:used":{"minecraft:stone_sword":14,"minecraft:iron_shovel":99,"minecraft:flint_and_steel":39,"minecraft:spruce_slab":6,"minecraft:stone_shovel":89,"minecraft:dried_kelp":78,"minecraft:ladder":1,"minecraft:poppy":5,"minecraft:bone_block":1,"minecraft:spruce_planks":17,"minecraft:chest":5,"minecraft:shield":12,"minecraft:iron_sword":3,"minecraft:cooked_salmon":2,"minecraft:stone_hoe":220,"minecraft:netherrack":72,"minecraft:iron_chestplate":1,"minecraft:oak_door":2,"minecraft:torch":38,"minecraft:dirt":367,"minecraft:carrot":228,"minecraft:salmon_bucket":1,"minecraft:granite":15,"minecraft:azure_bluet":1,"minecraft:obsidian":13,"minecraft:lava_bucket":5,"minecraft:bookshelf":4,"minecraft:iron_boots":1,"minecraft:light_gray_wool":1,"minecraft:diamond_chestplate":1,"minecraft:bow":47,"minecraft:soul_soil":5,"minecraft:furnace":1,"minecraft:cooked_cod":2,"minecraft:egg":4,"minecraft:cooked_beef":14,"minecraft:cobbled_deepslate":13,"minecraft:golden_boots":2,"minecraft:short_grass":1,"minecraft:cooked_mutton":8,"minecraft:water_bucket":107,"minecraft:diorite":9,"minecraft:oak_planks":145,"minecraft:sugar_cane":82,"minecraft:stone_pickaxe":13,"minecraft:wooden_pickaxe":16,"minecraft:diamond_axe":738,"minecraft:sandstone":5,"minecraft:fletching_table":9,"minecraft:cobblestone_slab":118,"minecraft:polished_blackstone_bricks":13,"minecraft:white_wool":1,"minecraft:sand":11,"minecraft:blast_furnace":2,"minecraft:crafting_table":11,"minecraft:white_bed":12,"minecraft:spruce_log":5,"minecraft:smoker":2,"minecraft:oak_log":3,"minecraft:cornflower":1,"minecraft:diamond_pickaxe":260,"minecraft:diamond_shovel":184,"minecraft:iron_pickaxe":179,"minecraft:bread":24,"minecraft:string":2,"minecraft:lectern":251,"minecraft:gravel":71,"minecraft:spruce_sapling":16,"minecraft:stone_axe":116,"minecraft:diamond_sword":178,"minecraft:cobbled_deepslate_slab":156,"minecraft:cobblestone":8,"minecraft:cooked_porkchop":7,"minecraft:bucket":114,"minecraft:yellow_bed":2,"minecraft:oak_boat":3,"minecraft:diamond_leggings":1,"minecraft:bone_meal":150,"minecraft:dandelion":4},"minecraft:killed":{"minecraft:spider":3,"minecraft:skeleton":11,"minecraft:chicken":2,"minecraft:drowned":2,"minecraft:piglin":2,"minecraft:pig":21,"minecraft:zombie_villager":2,"minecraft:salmon":4,"minecraft:iron_golem":3,"minecraft:hoglin":1,"minecraft:creeper":7,"minecraft:sheep":18,"minecraft:donkey":3,"minecraft:zombie":12,"minecraft:ghast":2,"minecraft:cow":38},"minecraft:crafted":{"minecraft:oak_door":3,"minecraft:cobbled_deepslate_slab":138,"minecraft:oak_planks":400,"minecraft:cobblestone_slab":108,"minecraft:stone_shovel":1,"minecraft:furnace":2,"minecraft:bone_meal":150,"minecraft:bookshelf":7,"minecraft:cooked_mutton":5,"minecraft:flint_and_steel":1,"minecraft:bow":1,"minecraft:iron_boots":1,"minecraft:spruce_slab":18,"minecraft:stone_pickaxe":1,"minecraft:chest":4,"minecraft:stone_hoe":1,"minecraft:smoker":1,"minecraft:golden_boots":1,"minecraft:wheat":306,"minecraft:cooked_beef":84,"minecraft:oak_slab":6,"minecraft:diamond_sword":1,"minecraft:arrow":128,"minecraft:emerald":92,"minecraft:cooked_porkchop":32,"minecraft:diamond_axe":2,"minecraft:crafting_table":10,"minecraft:spruce_planks":2060,"minecraft:dried_kelp":117,"minecraft:iron_helmet":1,"minecraft:wooden_pickaxe":1,"minecraft:fletching_table":3,"minecraft:bucket":1,"minecraft:birch_planks":124,"minecraft:stone_axe":1,"minecraft:enchanted_book":2,"minecraft:bread":103,"minecraft:air":0,"minecraft:oak_boat":2,"minecraft:lectern":3,"minecraft:iron_chestplate":1,"minecraft:book":69,"minecraft:paper":303,"minecraft:diamond_pickaxe":1,"minecraft:shield":2,"minecraft:stick":3496,"minecraft:iron_ingot":14,"minecraft:iron_pickaxe":1,"minecraft:stone_sword":1,"minecraft:iron_shovel":1,"minecraft:iron_leggings":1,"minecraft:white_bed":12,"minecraft:torch":84}},"DataVersion":3953}