{"stats":{"minecraft:broken":{"minecraft:stone_hoe":1},"minecraft:custom":{"minecraft:interact_with_crafting_table":75,"minecraft:leave_game":5,"minecraft:time_since_death":27725,"minecraft:sprint_one_cm":869855,"minecraft:damage_blocked_by_shield":608,"minecraft:drop":206,"minecraft:talked_to_villager":447,"minecraft:play_time":323921,"minecraft:deaths":2,"minecraft:jump":8149,"minecraft:walk_on_water_one_cm":44983,"minecraft:enchant_item":3,"minecraft:interact_with_furnace":39,"minecraft:traded_with_villager":103,"minecraft:sleep_in_bed":18,"minecraft:damage_dealt":36610,"minecraft:crouch_one_cm":83262,"minecraft:interact_with_smoker":45,"minecraft:mob_kills":206,"minecraft:interact_with_anvil":3,"minecraft:interact_with_campfire":32,"minecraft:climb_one_cm":1331,"minecraft:walk_one_cm":578050,"minecraft:sneak_time":20158,"minecraft:walk_under_water_one_cm":50870,"minecraft:boat_one_cm":78354,"minecraft:interact_with_blast_furnace":2,"minecraft:total_world_time":323921,"minecraft:time_since_rest":24570,"minecraft:damage_taken":6231,"minecraft:swim_one_cm":157495,"minecraft:fly_one_cm":2817421,"minecraft:open_chest":152,"minecraft:fall_one_cm":243218},"minecraft:picked_up":{"minecraft:iron_chestplate":1,"minecraft:wheat":5,"minecraft:diamond_sword":3,"minecraft:enchanted_book":1,"minecraft:string":13,"minecraft:soul_soil":5,"minecraft:iron_leggings":2,"minecraft:beetroot":3,"minecraft:diamond_leggings":3,"minecraft:gold_nugget":25,"minecraft:cobbled_deepslate":336,"minecraft:spruce_planks":206,"minecraft:cobblestone_slab":10,"minecraft:ender_eye":11,"minecraft:iron_boots":1,"minecraft:stick":48,"minecraft:composter":1,"minecraft:torch":20,"minecraft:porkchop":65,"minecraft:diorite":17,"minecraft:warped_planks":8,"minecraft:stone_sword":2,"minecraft:rotten_flesh":41,"minecraft:blaze_rod":38,"minecraft:obsidian":13,"minecraft:blaze_powder":21,"minecraft:cobblestone":144,"minecraft:birch_log":31,"minecraft:water_bucket":4,"minecraft:andesite":24,"minecraft:potato":11,"minecraft:smoker":1,"minecraft:flint":6,"minecraft:tuff":6,"minecraft:lapis_lazuli":75,"minecraft:dirt":378,"minecraft:twisting_vines":13,"minecraft:bone":95,"minecraft:bow":7,"minecraft:wheat_seeds":21,"minecraft:cobbled_deepslate_slab":36,"minecraft:raw_gold":7,"minecraft:diamond_helmet":1,"minecraft:mossy_stone_bricks":3,"minecraft:fletching_table":6,"minecraft:oak_planks":22,"minecraft:stone_hoe":2,"minecraft:cooked_porkchop":97,"minecraft:sand":24,"minecraft:diamond":35,"minecraft:cracked_polished_blackstone_bricks":1,"minecraft:granite":26,"minecraft:golden_apple":1,"minecraft:bread":19,"minecraft:oak_sapling":6,"minecraft:netherrack":252,"minecraft:diamond_pickaxe":2,"minecraft:fishing_rod":1,"minecraft:crafting_table":2,"minecraft:azure_bluet":1,"minecraft:chicken":6,"minecraft:ladder":1,"minecraft:wooden_pickaxe":2,"minecraft:gold_block":2,"minecraft:shield":3,"minecraft:cornflower":1,"minecraft:cracked_stone_bricks":1,"minecraft:beef":115,"minecraft:oak_boat":1,"minecraft:poppy":11,"minecraft:light_gray_wool":4,"minecraft:lectern":249,"minecraft:chest":5,"minecraft:sugar_cane":387,"minecraft:egg":4,"minecraft:raw_iron":33,"minecraft:sandstone":5,"minecraft:end_stone":157,"minecraft:oak_door":1,"minecraft:polished_blackstone_bricks":16,"minecraft:carrot":293,"minecraft:arrow":66,"minecraft:diamond_chestplate":3,"minecraft:beetroot_seeds":8,"minecraft:nether_bricks":1,"minecraft:diamond_boots":1,"minecraft:hay_block":34,"minecraft:gold_ingot":31,"minecraft:mutton":35,"minecraft:rail":1,"minecraft:white_wool":39,"minecraft:oxeye_daisy":1,"minecraft:basalt":1,"minecraft:salmon":6,"minecraft:leather":79,"minecraft:oak_log":107,"minecraft:golden_boots":2,"minecraft:yellow_bed":4,"minecraft:gunpowder":13,"minecraft:cooked_mutton":36,"minecraft:apple":5,"minecraft:stone_bricks":4,"minecraft:kelp":141,"minecraft:iron_ingot":24,"minecraft:iron_sword":1,"minecraft:book":40,"minecraft:warped_fungus":2,"minecraft:quartz":41,"minecraft:dandelion":4,"minecraft:gravel":94,"minecraft:spruce_sapling":45,"minecraft:blast_furnace":4,"minecraft:white_bed":4,"minecraft:spruce_log":537,"minecraft:green_carpet":1,"minecraft:spider_eye":9,"minecraft:diamond_shovel":2,"minecraft:stone_axe":1,"minecraft:short_grass":1,"minecraft:iron_helmet":1,"minecraft:diamond_axe":2,"minecraft:warped_roots":9,"minecraft:warped_nylium":5,"minecraft:coal":29,"minecraft:ender_pearl":65},"minecraft:dropped":{"minecraft:iron_sword":2,"minecraft:porkchop":6,"minecraft:diamond_axe":2,"minecraft:lapis_lazuli":44,"minecraft:cooked_beef":20,"minecraft:ender_pearl":9,"minecraft:diamond":5,"minecraft:crafting_table":1,"minecraft:cooked_porkchop":10,"minecraft:leather":4,"minecraft:cracked_stone_bricks":1,"minecraft:rail":1,"minecraft:gold_block":4,"minecraft:dirt":1,"minecraft:cracked_polished_blackstone_bricks":1,"minecraft:sand":13,"minecraft:iron_pickaxe":1,"minecraft:gold_ingot":2,"minecraft:bone":2,"minecraft:oak_door":2,"minecraft:gravel":1,"minecraft:stone_axe":3,"minecraft:cobbled_deepslate":3,"minecraft:wheat":1,"minecraft:rotten_flesh":31,"minecraft:oak_planks":48,"minecraft:cooked_mutton":19,"minecraft:warped_planks":8,"minecraft:carrot":64,"minecraft:poppy":3,"minecraft:basalt":1,"minecraft:arrow":128,"minecraft:beef":3,"minecraft:quartz":4,"minecraft:netherrack":1,"minecraft:stone_hoe":1,"minecraft:golden_boots":2,"minecraft:water_bucket":1,"minecraft:iron_ingot":14,"minecraft:bread":59,"minecraft:iron_helmet":1,"minecraft:cobblestone":1,"minecraft:book":48,"minecraft:apple":3,"minecraft:diorite":5,"minecraft:torch":32,"minecraft:green_carpet":1,"minecraft:iron_leggings":2,"minecraft:dried_kelp":39,"minecraft:string":7,"minecraft:spruce_sapling":3,"minecraft:stone_sword":3,"minecraft:raw_iron":2,"minecraft:composter":1,"minecraft:stone_shovel":1,"minecraft:chicken":6,"minecraft:iron_boots":1,"minecraft:ender_eye":1,"minecraft:cobbled_deepslate_slab":6,"minecraft:diamond_sword":1,"minecraft:shield":2,"minecraft:spruce_trapdoor":1,"minecraft:spruce_planks":32,"minecraft:iron_chestplate":1,"minecraft:diamond_pickaxe":1,"minecraft:mossy_stone_bricks":3,"minecraft:yellow_bed":1,"minecraft:oak_sapling":4,"minecraft:stone_bricks":3,"minecraft:spider_eye":7,"minecraft:diamond_boots":1,"minecraft:bow":5,"minecraft:wooden_pickaxe":3,"minecraft:raw_gold":2},"minecraft:mined":{"minecraft:spruce_planks":6,"minecraft:white_bed":4,"minecraft:farmland":25,"minecraft:obsidian":14,"minecraft:granite":26,"minecraft:grass_block":189,"minecraft:cracked_polished_blackstone_bricks":1,"minecraft:soul_soil":2,"minecraft:composter":1,"minecraft:oxeye_daisy":1,"minecraft:spawner":1,"minecraft:polished_blackstone_bricks":17,"minecraft:tall_seagrass":5,"minecraft:iron_ore":9,"minecraft:cobbled_deepslate":3,"minecraft:fire":26,"minecraft:deepslate_lapis_ore":8,"minecraft:fletching_table":6,"minecraft:azure_bluet":1,"minecraft:twisting_vines":7,"minecraft:dirt_path":7,"minecraft:kelp_plant":23,"minecraft:twisting_vines_plant":8,"minecraft:soul_fire":5,"minecraft:torch":1,"minecraft:blast_furnace":3,"minecraft:poppy":3,"minecraft:chest":2,"minecraft:nether_quartz_ore":22,"minecraft:cobblestone":9,"minecraft:sugar_cane":294,"minecraft:oak_planks":10,"minecraft:wall_torch":2,"minecraft:seagrass":8,"minecraft:warped_nylium":10,"minecraft:birch_log":31,"minecraft:light_gray_wool":4,"minecraft:warped_fungus":1,"minecraft:oak_log":107,"minecraft:sand":46,"minecraft:dirt":56,"minecraft:netherrack":157,"minecraft:oak_leaves":41,"minecraft:deepslate":228,"minecraft:nether_gold_ore":8,"minecraft:tuff":6,"minecraft:deepslate_diamond_ore":26,"minecraft:end_stone":5,"minecraft:nether_bricks":1,"minecraft:ladder":1,"minecraft:cobbled_deepslate_slab":23,"minecraft:spruce_leaves":9,"minecraft:sandstone":5,"minecraft:large_fern":1,"minecraft:hay_block":36,"minecraft:carrots":85,"minecraft:andesite":11,"minecraft:deepslate_iron_ore":5,"minecraft:cobblestone_slab":5,"minecraft:rail":1,"minecraft:stone":137,"minecraft:basalt":1,"minecraft:crafting_table":2,"minecraft:short_grass":30,"minecraft:warped_roots":1,"minecraft:lectern":249,"minecraft:campfire":1,"minecraft:tall_grass":4,"minecraft:lapis_ore":4,"minecraft:deepslate_gold_ore":2,"minecraft:diorite":12,"minecraft:spruce_log":337,"minecraft:yellow_bed":3,"minecraft:coal_ore":20,"minecraft:gravel":100,"minecraft:stone_bricks":1},"minecraft:killed_by":{"minecraft:ender_dragon":1},"minecraft:used":{"minecraft:iron_shovel":99,"minecraft:spruce_slab":6,"minecraft:bone_block":1,"minecraft:poppy":6,"minecraft:ladder":1,"minecraft:chest":5,"minecraft:shield":18,"minecraft:iron_sword":3,"minecraft:iron_chestplate":1,"minecraft:nether_bricks":1,"minecraft:carrot":229,"minecraft:azure_bluet":1,"minecraft:obsidian":13,"minecraft:lava_bucket":5,"minecraft:bow":47,"minecraft:oak_sapling":1,"minecraft:furnace":1,"minecraft:cooked_cod":2,"minecraft:egg":4,"minecraft:golden_boots":3,"minecraft:short_grass":1,"minecraft:diorite":9,"minecraft:stone_pickaxe":13,"minecraft:oak_planks":145,"minecraft:ender_pearl":12,"minecraft:wooden_pickaxe":16,"minecraft:sandstone":5,"minecraft:diamond_axe":745,"minecraft:sugar_cane":82,"minecraft:white_wool":1,"minecraft:sand":11,"minecraft:blast_furnace":2,"minecraft:end_stone":102,"minecraft:bread":24,"minecraft:string":2,"minecraft:lectern":251,"minecraft:gravel":72,"minecraft:diamond_sword":450,"minecraft:andesite":2,"minecraft:oak_boat":3,"minecraft:bone_meal":150,"minecraft:stone_sword":14,"minecraft:flint_and_steel":39,"minecraft:stone_shovel":89,"minecraft:dried_kelp":78,"minecraft:spruce_planks":113,"minecraft:cooked_salmon":2,"minecraft:stone_hoe":220,"minecraft:netherrack":159,"minecraft:oak_door":2,"minecraft:torch":41,"minecraft:dirt":379,"minecraft:twisting_vines":6,"minecraft:diamond_helmet":1,"minecraft:salmon_bucket":1,"minecraft:granite":24,"minecraft:bookshelf":4,"minecraft:iron_boots":2,"minecraft:diamond_chestplate":1,"minecraft:light_gray_wool":4,"minecraft:soul_soil":5,"minecraft:cooked_beef":25,"minecraft:cobbled_deepslate":207,"minecraft:cooked_mutton":8,"minecraft:water_bucket":148,"minecraft:fletching_table":9,"minecraft:cobblestone_slab":118,"minecraft:polished_blackstone_bricks":13,"minecraft:crafting_table":13,"minecraft:white_bed":14,"minecraft:smoker":2,"minecraft:spruce_log":5,"minecraft:oak_log":3,"minecraft:ender_eye":29,"minecraft:diamond_pickaxe":579,"minecraft:cornflower":1,"minecraft:diamond_shovel":193,"minecraft:iron_pickaxe":179,"minecraft:spruce_trapdoor":1,"minecraft:spruce_sapling":37,"minecraft:stone_axe":116,"minecraft:cobblestone":8,"minecraft:cobbled_deepslate_slab":156,"minecraft:cooked_porkchop":30,"minecraft:bucket":155,"minecraft:yellow_bed":2,"minecraft:dandelion":4,"minecraft:diamond_leggings":1},"minecraft:killed":{"minecraft:spider":8,"minecraft:skeleton":23,"minecraft:chicken":3,"minecraft:silverfish":8,"minecraft:piglin":2,"minecraft:pig":21,"minecraft:zombie_villager":2,"minecraft:salmon":7,"minecraft:iron_golem":4,"minecraft:ender_dragon":1,"minecraft:creeper":9,"minecraft:sheep":18,"minecraft:zombie":21,"minecraft:donkey":3,"minecraft:ghast":2,"minecraft:blaze":8,"minecraft:cow":39,"minecraft:drowned":2,"minecraft:hoglin":1,"minecraft:enderman":23},"minecraft:crafted":{"minecraft:oak_planks":400,"minecraft:cobblestone_slab":108,"minecraft:blaze_powder":40,"minecraft:bookshelf":7,"minecraft:cooked_mutton":5,"minecraft:diamond_helmet":1,"minecraft:bow":1,"minecraft:iron_boots":1,"minecraft:chest":4,"minecraft:stone_hoe":1,"minecraft:ender_eye":19,"minecraft:golden_boots":3,"minecraft:smoker":1,"minecraft:oak_slab":6,"minecraft:arrow":128,"minecraft:emerald":92,"minecraft:cooked_porkchop":45,"minecraft:diamond_axe":2,"minecraft:crafting_table":12,"minecraft:spruce_planks":2064,"minecraft:wooden_pickaxe":1,"minecraft:iron_helmet":1,"minecraft:fletching_table":3,"minecraft:birch_planks":124,"minecraft:spruce_trapdoor":2,"minecraft:lectern":3,"minecraft:book":69,"minecraft:iron_chestplate":1,"minecraft:paper":303,"minecraft:diamond_pickaxe":1,"minecraft:shield":2,"minecraft:stick":3496,"minecraft:iron_ingot":14,"minecraft:iron_pickaxe":1,"minecraft:stone_sword":1,"minecraft:gold_ingot":20,"minecraft:oak_door":3,"minecraft:cobbled_deepslate_slab":138,"minecraft:stone_shovel":1,"minecraft:furnace":2,"minecraft:bone_meal":150,"minecraft:flint_and_steel":1,"minecraft:spruce_slab":18,"minecraft:stone_pickaxe":1,"minecraft:diamond_boots":2,"minecraft:wheat":306,"minecraft:cooked_beef":84,"minecraft:diamond_sword":1,"minecraft:dried_kelp":117,"minecraft:bucket":1,"minecraft:stone_axe":1,"minecraft:enchanted_book":2,"minecraft:bread":103,"minecraft:air":0,"minecraft:oak_boat":2,"minecraft:iron_shovel":1,"minecraft:iron_leggings":1,"minecraft:white_bed":12,"minecraft:torch":84}},"DataVersion":3953}