{"stats":{"minecraft:mined":{"minecraft:seagrass":8,"minecraft:tall_seagrass":5,"minecraft:kelp_plant":23,"minecraft:birch_log":31,"minecraft:crafting_table":1,"minecraft:oak_log":20,"minecraft:chest":1,"minecraft:sand":9,"minecraft:stone":24,"minecraft:sugar_cane":15,"minecraft:sandstone":3},"minecraft:custom":{"minecraft:time_since_rest":18199,"minecraft:sprint_one_cm":47764,"minecraft:damage_taken":298,"minecraft:walk_one_cm":26089,"minecraft:mob_kills":9,"minecraft:drop":20,"minecraft:damage_dealt":1645,"minecraft:swim_one_cm":31107,"minecraft:interact_with_crafting_table":9,"minecraft:fly_one_cm":65173,"minecraft:open_chest":1,"minecraft:crouch_one_cm":436,"minecraft:play_time":18199,"minecraft:sneak_time":421,"minecraft:walk_under_water_one_cm":4368,"minecraft:boat_one_cm":3218,"minecraft:jump":335,"minecraft:leave_game":1,"minecraft:walk_on_water_one_cm":5357,"minecraft:time_since_death":18199,"minecraft:interact_with_smoker":36,"minecraft:total_world_time":18199,"minecraft:fall_one_cm":6535},"minecraft:used":{"minecraft:stone_sword":9,"minecraft:stone_pickaxe":11,"minecraft:dried_kelp":40,"minecraft:wooden_pickaxe":16,"minecraft:sandstone":3,"minecraft:stone_axe":61,"minecraft:sand":11,"minecraft:crafting_table":3,"minecraft:oak_boat":1,"minecraft:smoker":1},"minecraft:dropped":{"minecraft:rotten_flesh":1,"minecraft:dried_kelp":16,"minecraft:wooden_pickaxe":3},"minecraft:picked_up":{"minecraft:birch_log":31,"minecraft:crafting_table":1,"minecraft:sandstone":3,"minecraft:wooden_pickaxe":2,"minecraft:sand":11,"minecraft:oak_log":20,"minecraft:gunpowder":2,"minecraft:bone":3,"minecraft:arrow":2,"minecraft:rotten_flesh":6,"minecraft:kelp":141,"minecraft:chest":1,"minecraft:sugar_cane":35,"minecraft:cobblestone":24},"minecraft:crafted":{"minecraft:oak_boat":1,"minecraft:oak_planks":16,"minecraft:stone_shovel":1,"minecraft:crafting_table":2,"minecraft:stick":16,"minecraft:dried_kelp":94,"minecraft:wooden_pickaxe":1,"minecraft:stone_pickaxe":1,"minecraft:stone_sword":1,"minecraft:furnace":1,"minecraft:birch_planks":124,"minecraft:stone_axe":1,"minecraft:air":0,"minecraft:smoker":1},"minecraft:killed":{"minecraft:skeleton":2,"minecraft:zombie":4,"minecraft:drowned":2,"minecraft:creeper":1}},"DataVersion":3953}