{"stats":{"minecraft:mined":{"minecraft:tall_grass":4,"minecraft:short_grass":25},"minecraft:dropped":{"minecraft:wheat_seeds":2},"minecraft:custom":{"minecraft:jump":66,"minecraft:time_since_rest":1303,"minecraft:leave_game":2,"minecraft:play_time":1303,"minecraft:sprint_one_cm":5661,"minecraft:damage_taken":10,"minecraft:time_since_death":1303,"minecraft:walk_one_cm":1344,"minecraft:sneak_time":7,"minecraft:total_world_time":1303,"minecraft:fall_one_cm":1647,"minecraft:drop":2,"minecraft:fly_one_cm":12194},"minecraft:picked_up":{"minecraft:wheat_seeds":2}},"DataVersion":3953}