{"stats":{"minecraft:picked_up":{"minecraft:birch_log":14,"minecraft:crafting_table":2,"minecraft:brown_wool":1,"minecraft:oak_log":31,"minecraft:shield":1,"minecraft:dirt":14,"minecraft:bone":2,"minecraft:cobbled_deepslate":22,"minecraft:raw_gold":10,"minecraft:oak_planks":26,"minecraft:furnace":1,"minecraft:stick":32,"minecraft:raw_iron":18,"minecraft:white_bed":2,"minecraft:rotten_flesh":3,"minecraft:diamond":26,"minecraft:peony":10,"minecraft:diamond_axe":1,"minecraft:mutton":9,"minecraft:coal":17,"minecraft:white_wool":4,"minecraft:cobblestone":12},"minecraft:crafted":{"minecraft:oak_planks":52,"minecraft:diamond_axe":2,"minecraft:crafting_table":2,"minecraft:wooden_pickaxe":1,"minecraft:furnace":1,"minecraft:stone_axe":1,"minecraft:cooked_mutton":9,"minecraft:air":0,"minecraft:diamond_pickaxe":1,"minecraft:stick":20,"minecraft:iron_ingot":19,"minecraft:iron_pickaxe":1,"minecraft:stone_pickaxe":1,"minecraft:wooden_axe":1,"minecraft:stone_sword":1,"minecraft:diamond_boots":1,"minecraft:white_bed":1,"minecraft:diamond_chestplate":1},"minecraft:dropped":{"minecraft:stone_axe":1,"minecraft:diamond_axe":2,"minecraft:diamond":3,"minecraft:crafting_table":1,"minecraft:cobblestone":1,"minecraft:rotten_flesh":3,"minecraft:oak_planks":20,"minecraft:cooked_mutton":3,"minecraft:stick":32,"minecraft:wooden_axe":1,"minecraft:stone_pickaxe":1,"minecraft:wooden_pickaxe":1},"minecraft:killed":{"minecraft:sheep":5,"minecraft:skeleton":1,"minecraft:zombie":2},"minecraft:used":{"minecraft:cooked_mutton":3,"minecraft:stone_sword":4,"minecraft:stone_pickaxe":18,"minecraft:wooden_pickaxe":11,"minecraft:diamond_axe":35,"minecraft:dirt":14,"minecraft:crafting_table":3,"minecraft:white_bed":2,"minecraft:wooden_axe":18,"minecraft:diamond_pickaxe":19,"minecraft:brown_wool":1,"minecraft:iron_pickaxe":33,"minecraft:stone_axe":1,"minecraft:cobblestone":3,"minecraft:furnace":1,"minecraft:cobbled_deepslate":5},"minecraft:mined":{"minecraft:white_bed":1,"minecraft:deepslate_diamond_ore":26,"minecraft:crafting_table":1,"minecraft:short_grass":9,"minecraft:tall_grass":1,"minecraft:cobblestone":1,"minecraft:deepslate_gold_ore":10,"minecraft:furnace":1,"minecraft:birch_log":13,"minecraft:iron_ore":10,"minecraft:peony":12,"minecraft:oak_log":30,"minecraft:stone":11,"minecraft:oak_leaves":1,"minecraft:deepslate":22},"minecraft:custom":{"minecraft:interact_with_furnace":19,"minecraft:mob_kills":8,"minecraft:interact_with_crafting_table":11,"minecraft:leave_game":1,"minecraft:time_since_death":23502,"minecraft:sleep_in_bed":2,"minecraft:time_since_rest":2078,"minecraft:sprint_one_cm":53277,"minecraft:damage_taken":133,"minecraft:walk_one_cm":20786,"minecraft:drop":22,"minecraft:damage_dealt":1123,"minecraft:swim_one_cm":3047,"minecraft:player_kills":1,"minecraft:fly_one_cm":68491,"minecraft:crouch_one_cm":3882,"minecraft:play_time":23502,"minecraft:sneak_time":1961,"minecraft:walk_under_water_one_cm":15006,"minecraft:jump":401,"minecraft:walk_on_water_one_cm":13486,"minecraft:total_world_time":23502,"minecraft:fall_one_cm":12491}},"DataVersion":3839}