{"stats":{"minecraft:picked_up":{"minecraft:raw_iron":18,"minecraft:stick":32,"minecraft:crafting_table":2,"minecraft:brown_wool":1,"minecraft:oak_log":13,"minecraft:dirt":14,"minecraft:diamond":26,"minecraft:cobbled_deepslate":14,"minecraft:mutton":9,"minecraft:oak_planks":20,"minecraft:white_wool":4,"minecraft:cobblestone":12},"minecraft:dropped":{"minecraft:crafting_table":1,"minecraft:oak_planks":20,"minecraft:stick":32},"minecraft:crafted":{"minecraft:oak_planks":52,"minecraft:crafting_table":2,"minecraft:stick":12,"minecraft:iron_pickaxe":1,"minecraft:iron_ingot":18,"minecraft:wooden_pickaxe":1,"minecraft:stone_pickaxe":1,"minecraft:wooden_axe":1,"minecraft:stone_sword":1,"minecraft:furnace":1,"minecraft:stone_axe":1,"minecraft:air":0},"minecraft:killed":{"minecraft:sheep":5},"minecraft:used":{"minecraft:wooden_axe":18,"minecraft:stone_pickaxe":18,"minecraft:brown_wool":1,"minecraft:iron_pickaxe":33,"minecraft:wooden_pickaxe":11,"minecraft:stone_axe":1,"minecraft:dirt":14,"minecraft:cobblestone":3,"minecraft:crafting_table":2,"minecraft:furnace":1,"minecraft:cobbled_deepslate":3},"minecraft:mined":{"minecraft:deepslate_diamond_ore":26,"minecraft:iron_ore":10,"minecraft:crafting_table":1,"minecraft:short_grass":9,"minecraft:oak_log":12,"minecraft:tall_grass":1,"minecraft:cobblestone":1,"minecraft:stone":11,"minecraft:oak_leaves":1,"minecraft:deepslate":14},"minecraft:custom":{"minecraft:time_since_rest":11502,"minecraft:interact_with_furnace":11,"minecraft:sprint_one_cm":24076,"minecraft:damage_taken":80,"minecraft:walk_one_cm":9875,"minecraft:mob_kills":5,"minecraft:drop":7,"minecraft:damage_dealt":523,"minecraft:swim_one_cm":1555,"minecraft:interact_with_crafting_table":8,"minecraft:fly_one_cm":35025,"minecraft:player_kills":1,"minecraft:crouch_one_cm":2839,"minecraft:play_time":11502,"minecraft:sneak_time":1521,"minecraft:walk_under_water_one_cm":6221,"minecraft:jump":196,"minecraft:leave_game":1,"minecraft:time_since_death":11502,"minecraft:walk_on_water_one_cm":7071,"minecraft:total_world_time":11502,"minecraft:fall_one_cm":6963}},"DataVersion":3839}