{"stats":{"minecraft:picked_up":{"minecraft:birch_log":16,"minecraft:crafting_table":2,"minecraft:leather":1,"minecraft:brown_wool":1,"minecraft:wooden_pickaxe":1,"minecraft:oak_log":31,"minecraft:shield":1,"minecraft:dirt":16,"minecraft:iron_leggings":1,"minecraft:bone":2,"minecraft:apple":2,"minecraft:cobbled_deepslate":25,"minecraft:raw_gold":10,"minecraft:beef":7,"minecraft:grindstone":1,"minecraft:iron_ingot":11,"minecraft:sugar_cane":22,"minecraft:chest":1,"minecraft:oak_planks":26,"minecraft:egg":1,"minecraft:furnace":3,"minecraft:stick":32,"minecraft:raw_iron":18,"minecraft:oak_fence":1,"minecraft:porkchop":6,"minecraft:white_bed":3,"minecraft:rotten_flesh":4,"minecraft:diamond":26,"minecraft:peony":10,"minecraft:hay_block":24,"minecraft:iron_helmet":1,"minecraft:diamond_axe":1,"minecraft:gold_ingot":1,"minecraft:bread":5,"minecraft:netherrack":16,"minecraft:obsidian":3,"minecraft:mutton":18,"minecraft:coal":17,"minecraft:white_wool":10,"minecraft:cobblestone":12},"minecraft:crafted":{"minecraft:oak_planks":68,"minecraft:diamond_axe":2,"minecraft:crafting_table":5,"minecraft:wooden_pickaxe":1,"minecraft:furnace":1,"minecraft:stone_axe":1,"minecraft:flint_and_steel":1,"minecraft:bread":72,"minecraft:cooked_mutton":15,"minecraft:air":0,"minecraft:diamond_pickaxe":1,"minecraft:iron_hoe":1,"minecraft:stick":20,"minecraft:iron_ingot":26,"minecraft:iron_pickaxe":1,"minecraft:stone_pickaxe":1,"minecraft:wooden_axe":1,"minecraft:stone_sword":1,"minecraft:chest":1,"minecraft:diamond_boots":1,"minecraft:gold_ingot":7,"minecraft:white_bed":1,"minecraft:golden_boots":2,"minecraft:wheat":216,"minecraft:diamond_chestplate":1},"minecraft:dropped":{"minecraft:iron_ingot":25,"minecraft:stone_axe":1,"minecraft:diamond_axe":2,"minecraft:diamond":4,"minecraft:crafting_table":1,"minecraft:oak_fence":1,"minecraft:cobblestone":1,"minecraft:rotten_flesh":4,"minecraft:oak_planks":20,"minecraft:cooked_mutton":3,"minecraft:stick":32,"minecraft:wooden_axe":1,"minecraft:stone_pickaxe":1,"minecraft:wooden_pickaxe":1},"minecraft:killed":{"minecraft:pig":2,"minecraft:iron_golem":1,"minecraft:sheep":11,"minecraft:skeleton":1,"minecraft:zombie":2,"minecraft:cow":3},"minecraft:used":{"minecraft:cooked_mutton":3,"minecraft:stone_sword":7,"minecraft:flint_and_steel":1,"minecraft:stone_pickaxe":18,"minecraft:chest":2,"minecraft:wooden_pickaxe":11,"minecraft:diamond_axe":57,"minecraft:dirt":14,"minecraft:crafting_table":6,"minecraft:white_bed":4,"minecraft:obsidian":3,"minecraft:iron_hoe":25,"minecraft:wooden_axe":18,"minecraft:diamond_pickaxe":46,"minecraft:bread":7,"minecraft:brown_wool":1,"minecraft:iron_pickaxe":33,"minecraft:stone_axe":1,"minecraft:cobblestone":3,"minecraft:furnace":2,"minecraft:birch_log":2,"minecraft:egg":1,"minecraft:cobbled_deepslate":8},"minecraft:mined":{"minecraft:white_bed":2,"minecraft:deepslate_diamond_ore":26,"minecraft:obsidian":3,"minecraft:crafting_table":1,"minecraft:short_grass":14,"minecraft:chest":1,"minecraft:tall_grass":2,"minecraft:cobblestone":1,"minecraft:deepslate_gold_ore":10,"minecraft:grindstone":1,"minecraft:sugar_cane":8,"minecraft:hay_block":24,"minecraft:furnace":3,"minecraft:fire":9,"minecraft:cobbled_deepslate":3,"minecraft:birch_log":15,"minecraft:iron_ore":10,"minecraft:peony":12,"minecraft:oak_log":30,"minecraft:stone":12,"minecraft:netherrack":13,"minecraft:oak_leaves":1,"minecraft:deepslate":22},"minecraft:custom":{"minecraft:interact_with_furnace":27,"minecraft:mob_kills":21,"minecraft:interact_with_crafting_table":19,"minecraft:leave_game":2,"minecraft:time_since_death":39271,"minecraft:sleep_in_bed":3,"minecraft:time_since_rest":4314,"minecraft:sprint_one_cm":103927,"minecraft:damage_taken":325,"minecraft:walk_one_cm":44965,"minecraft:drop":26,"minecraft:damage_dealt":3113,"minecraft:swim_one_cm":5919,"minecraft:player_kills":1,"minecraft:fly_one_cm":171747,"minecraft:open_chest":13,"minecraft:crouch_one_cm":4962,"minecraft:play_time":39271,"minecraft:sneak_time":3094,"minecraft:walk_under_water_one_cm":15755,"minecraft:jump":824,"minecraft:walk_on_water_one_cm":15120,"minecraft:total_world_time":39271,"minecraft:fall_one_cm":26474}},"DataVersion":3839}