{"stats":{"minecraft:custom":{"minecraft:jump":94,"minecraft:time_since_rest":3364,"minecraft:damage_dealt":45,"minecraft:leave_game":2,"minecraft:play_time":3364,"minecraft:sprint_one_cm":12183,"minecraft:time_since_death":3364,"minecraft:walk_one_cm":1695,"minecraft:total_world_time":3364,"minecraft:fall_one_cm":3669,"minecraft:drop":4,"minecraft:fly_one_cm":22998},"minecraft:mined":{"minecraft:tall_grass":14,"minecraft:short_grass":3},"minecraft:picked_up":{"minecraft:wheat_seeds":4},"minecraft:dropped":{"minecraft:wheat_seeds":4}},"DataVersion":3953}