{"stats":{"minecraft:custom":{"minecraft:interact_with_crafting_table":58,"minecraft:bell_ring":40,"minecraft:leave_game":5,"minecraft:time_since_death":153149,"minecraft:sprint_one_cm":893413,"minecraft:damage_blocked_by_shield":4005,"minecraft:drop":77,"minecraft:talked_to_villager":2,"minecraft:play_time":271581,"minecraft:deaths":2,"minecraft:jump":5431,"minecraft:walk_on_water_one_cm":56178,"minecraft:enchant_item":3,"minecraft:interact_with_furnace":63,"minecraft:sleep_in_bed":13,"minecraft:damage_dealt":15301,"minecraft:crouch_one_cm":6022,"minecraft:interact_with_smoker":1,"minecraft:mob_kills":104,"minecraft:interact_with_anvil":1,"minecraft:interact_with_campfire":12,"minecraft:climb_one_cm":8696,"minecraft:walk_one_cm":463547,"minecraft:sneak_time":2477,"minecraft:walk_under_water_one_cm":11909,"minecraft:total_world_time":271581,"minecraft:time_since_rest":11627,"minecraft:damage_taken":6978,"minecraft:swim_one_cm":79757,"minecraft:fly_one_cm":948824,"minecraft:open_chest":74,"minecraft:fall_one_cm":154519},"minecraft:broken":{"minecraft:golden_boots":1,"minecraft:stone_pickaxe":1,"minecraft:stone_shovel":1},"minecraft:picked_up":{"minecraft:iron_chestplate":4,"minecraft:wheat":5,"minecraft:nether_brick_fence":3,"minecraft:diamond_sword":1,"minecraft:potion":1,"minecraft:amethyst_block":3,"minecraft:string":11,"minecraft:soul_soil":1,"minecraft:raw_copper":8,"minecraft:iron_leggings":3,"minecraft:beetroot":4,"minecraft:diamond_leggings":1,"minecraft:cobbled_deepslate":360,"minecraft:gold_nugget":106,"minecraft:smooth_stone":11,"minecraft:spruce_planks":216,"minecraft:ender_eye":1,"minecraft:cobblestone_slab":2,"minecraft:calcite":2,"minecraft:iron_boots":3,"minecraft:furnace":4,"minecraft:stick":46,"minecraft:oak_fence":3,"minecraft:torch":85,"minecraft:porkchop":28,"minecraft:dried_kelp":32,"minecraft:diorite":11,"minecraft:stone_sword":2,"minecraft:rotten_flesh":39,"minecraft:blaze_rod":20,"minecraft:obsidian":5,"minecraft:cobblestone":253,"minecraft:feather":15,"minecraft:cooked_beef":27,"minecraft:water_bucket":1,"minecraft:birch_slab":11,"minecraft:andesite":7,"minecraft:smoker":2,"minecraft:potato":13,"minecraft:flint":2,"minecraft:tuff":16,"minecraft:dirt":414,"minecraft:lapis_lazuli":219,"minecraft:twisting_vines":3,"minecraft:bone":20,"minecraft:wheat_seeds":45,"minecraft:raw_gold":30,"minecraft:cobbled_deepslate_slab":12,"minecraft:bell":7,"minecraft:oak_planks":59,"minecraft:stone_hoe":1,"minecraft:cooked_porkchop":77,"minecraft:sand":1,"minecraft:grass_block":1,"minecraft:mossy_cobblestone":6,"minecraft:snout_armor_trim_smithing_template":1,"minecraft:diamond":42,"minecraft:granite":26,"minecraft:bread":27,"minecraft:oak_sapling":12,"minecraft:netherrack":178,"minecraft:bricks":1,"minecraft:diamond_pickaxe":3,"minecraft:charcoal":2,"minecraft:fishing_rod":1,"minecraft:crafting_table":9,"minecraft:azure_bluet":2,"minecraft:chicken":11,"minecraft:ladder":1,"minecraft:gold_block":3,"minecraft:shield":3,"minecraft:cornflower":1,"minecraft:flint_and_steel":1,"minecraft:poppy":4,"minecraft:light_gray_wool":2,"minecraft:spruce_slab":4,"minecraft:lectern":1,"minecraft:sugar_cane":19,"minecraft:chest":2,"minecraft:birch_sapling":2,"minecraft:egg":18,"minecraft:raw_iron":84,"minecraft:oak_door":3,"minecraft:copper_ingot":1,"minecraft:polished_blackstone_bricks":3,"minecraft:redstone":50,"minecraft:arrow":152,"minecraft:diamond_chestplate":1,"minecraft:beetroot_seeds":8,"minecraft:nether_bricks":8,"minecraft:gold_ingot":6,"minecraft:mutton":24,"minecraft:white_wool":58,"minecraft:oxeye_daisy":1,"minecraft:leather":11,"minecraft:birch_planks":24,"minecraft:oak_log":38,"minecraft:yellow_bed":5,"minecraft:golden_boots":3,"minecraft:gunpowder":8,"minecraft:cobblestone_stairs":3,"minecraft:cooked_mutton":26,"minecraft:apple":3,"minecraft:kelp":8,"minecraft:warped_stem":4,"minecraft:heart_of_the_sea":1,"minecraft:iron_ingot":26,"minecraft:stone_pickaxe":2,"minecraft:cooked_chicken":7,"minecraft:iron_sword":2,"minecraft:book":62,"minecraft:oak_slab":2,"minecraft:warped_fungus":1,"minecraft:quartz":42,"minecraft:dandelion":42,"minecraft:gravel":50,"minecraft:amethyst_shard":12,"minecraft:spruce_sapling":11,"minecraft:blast_furnace":1,"minecraft:white_bed":8,"minecraft:spruce_log":217,"minecraft:green_carpet":1,"minecraft:spider_eye":7,"minecraft:diamond_shovel":1,"minecraft:stone_axe":1,"minecraft:short_grass":1,"minecraft:iron_helmet":1,"minecraft:diamond_axe":4,"minecraft:warped_roots":4,"minecraft:warped_nylium":1,"minecraft:coal":111,"minecraft:ender_pearl":15},"minecraft:dropped":{"minecraft:iron_sword":1,"minecraft:diamond_axe":1,"minecraft:ender_pearl":7,"minecraft:dirt":82,"minecraft:sand":1,"minecraft:white_wool":44,"minecraft:gold_ingot":4,"minecraft:bone":11,"minecraft:gravel":2,"minecraft:sugar_cane":1,"minecraft:cobbled_deepslate":51,"minecraft:cooked_mutton":2,"minecraft:azure_bluet":2,"minecraft:stone_hoe":2,"minecraft:wheat_seeds":28,"minecraft:diamond_leggings":1,"minecraft:oak_fence":1,"minecraft:feather":8,"minecraft:book":26,"minecraft:copper_ingot":4,"minecraft:golden_apple":1,"minecraft:stick":4,"minecraft:iron_leggings":3,"minecraft:dandelion":1,"minecraft:stone_sword":1,"minecraft:raw_copper":4,"minecraft:stone_shovel":1,"minecraft:chicken":4,"minecraft:iron_boots":2,"minecraft:smoker":1,"minecraft:blast_furnace":1,"minecraft:diamond_chestplate":1,"minecraft:iron_chestplate":3,"minecraft:diamond_pickaxe":1,"minecraft:yellow_bed":1,"minecraft:spider_eye":1,"minecraft:spruce_log":212,"minecraft:stone_pickaxe":2},"minecraft:mined":{"minecraft:spruce_planks":1,"minecraft:white_bed":7,"minecraft:cobblestone_stairs":3,"minecraft:obsidian":5,"minecraft:granite":25,"minecraft:grass_block":244,"minecraft:soul_soil":1,"minecraft:smooth_stone":11,"minecraft:tall_seagrass":1,"minecraft:fire":6,"minecraft:cobbled_deepslate":8,"minecraft:iron_ore":38,"minecraft:deepslate_lapis_ore":16,"minecraft:azure_bluet":2,"minecraft:dirt_path":55,"minecraft:deepslate_redstone_ore":4,"minecraft:smoker":1,"minecraft:amethyst_cluster":3,"minecraft:torch":10,"minecraft:calcite":2,"minecraft:chest":2,"minecraft:nether_quartz_ore":19,"minecraft:cobblestone":23,"minecraft:sugar_cane":4,"minecraft:oak_planks":5,"minecraft:bricks":1,"minecraft:wall_torch":1,"minecraft:amethyst_block":3,"minecraft:warped_nylium":12,"minecraft:oak_log":38,"minecraft:sand":3,"minecraft:dirt":67,"minecraft:netherrack":151,"minecraft:oak_leaves":14,"minecraft:deepslate":241,"minecraft:suspicious_gravel":1,"minecraft:nether_gold_ore":18,"minecraft:tuff":18,"minecraft:mossy_cobblestone":6,"minecraft:deepslate_diamond_ore":40,"minecraft:oak_door":1,"minecraft:nether_bricks":13,"minecraft:birch_slab":3,"minecraft:redstone_ore":2,"minecraft:furnace":4,"minecraft:andesite":7,"minecraft:gold_block":1,"minecraft:bell":6,"minecraft:nether_brick_fence":9,"minecraft:cobblestone_slab":2,"minecraft:deepslate_iron_ore":48,"minecraft:warped_stem":4,"minecraft:stone":230,"minecraft:glass_pane":2,"minecraft:dandelion":3,"minecraft:oak_fence":2,"minecraft:crafting_table":9,"minecraft:short_grass":82,"minecraft:warped_roots":1,"minecraft:tall_grass":21,"minecraft:copper_ore":2,"minecraft:deepslate_gold_ore":23,"minecraft:lapis_ore":7,"minecraft:diorite":12,"minecraft:spruce_log":219,"minecraft:yellow_bed":5,"minecraft:coal_ore":76,"minecraft:gravel":20,"minecraft:gold_ore":7},"minecraft:used":{"minecraft:beetroot":1,"minecraft:iron_shovel":197,"minecraft:poppy":2,"minecraft:ladder":2,"minecraft:chest":8,"minecraft:shield":150,"minecraft:iron_sword":151,"minecraft:bell":5,"minecraft:rotten_flesh":2,"minecraft:iron_chestplate":3,"minecraft:tuff":10,"minecraft:bricks":1,"minecraft:birch_sapling":2,"minecraft:iron_helmet":2,"minecraft:bow":17,"minecraft:furnace":6,"minecraft:oak_sapling":10,"minecraft:egg":14,"minecraft:golden_boots":1,"minecraft:short_grass":1,"minecraft:diorite":11,"minecraft:stone_pickaxe":165,"minecraft:oak_planks":8,"minecraft:ender_pearl":1,"minecraft:wooden_pickaxe":3,"minecraft:diamond_axe":354,"minecraft:sugar_cane":3,"minecraft:shears":2,"minecraft:birch_slab":31,"minecraft:bread":48,"minecraft:iron_door":3,"minecraft:gravel":4,"minecraft:andesite":7,"minecraft:oak_fence":2,"minecraft:enchanting_table":1,"minecraft:stone_sword":82,"minecraft:stone_shovel":155,"minecraft:dried_kelp":29,"minecraft:cooked_chicken":13,"minecraft:netherrack":89,"minecraft:oak_door":3,"minecraft:torch":312,"minecraft:dirt":256,"minecraft:anvil":1,"minecraft:granite":23,"minecraft:bookshelf":12,"minecraft:light_gray_wool":2,"minecraft:diamond_chestplate":3,"minecraft:cooked_beef":22,"minecraft:cobbled_deepslate":100,"minecraft:iron_leggings":2,"minecraft:calcite":2,"minecraft:cooked_mutton":22,"minecraft:water_bucket":10,"minecraft:amethyst_block":1,"minecraft:cobblestone_stairs":3,"minecraft:cobblestone_slab":38,"minecraft:mossy_cobblestone":6,"minecraft:crafting_table":13,"minecraft:campfire":2,"minecraft:white_bed":9,"minecraft:ender_eye":1,"minecraft:diamond_pickaxe":795,"minecraft:cornflower":1,"minecraft:oak_button":4,"minecraft:iron_pickaxe":151,"minecraft:spruce_sapling":8,"minecraft:stone_axe":23,"minecraft:green_carpet":1,"minecraft:fishing_rod":11,"minecraft:cobblestone":177,"minecraft:cooked_porkchop":9,"minecraft:bucket":12,"minecraft:yellow_bed":4,"minecraft:kelp":8,"minecraft:dandelion":1,"minecraft:smooth_stone":8,"minecraft:diamond_leggings":2},"minecraft:killed":{"minecraft:spider":6,"minecraft:skeleton":18,"minecraft:chicken":12,"minecraft:pig":12,"minecraft:zombie_villager":1,"minecraft:iron_golem":1,"minecraft:creeper":1,"minecraft:sheep":13,"minecraft:zombie":22,"minecraft:ghast":1,"minecraft:blaze":1,"minecraft:cow":3,"minecraft:bat":1,"minecraft:villager":1,"minecraft:enderman":2},"minecraft:crafted":{"minecraft:oak_planks":128,"minecraft:cobblestone_slab":36,"minecraft:cooked_chicken":6,"minecraft:birch_slab":36,"minecraft:bookshelf":12,"minecraft:cooked_mutton":12,"minecraft:warped_planks":16,"minecraft:bow":2,"minecraft:diamond_leggings":2,"minecraft:iron_boots":2,"minecraft:chest":6,"minecraft:oak_button":4,"minecraft:iron_door":3,"minecraft:stone_hoe":2,"minecraft:golden_boots":1,"minecraft:arrow":4,"minecraft:cooked_porkchop":24,"minecraft:crafting_table":6,"minecraft:spruce_planks":20,"minecraft:wooden_pickaxe":1,"minecraft:iron_helmet":2,"minecraft:copper_ingot":3,"minecraft:campfire":2,"minecraft:iron_chestplate":2,"minecraft:book":2,"minecraft:paper":6,"minecraft:stick":88,"minecraft:iron_ingot":83,"minecraft:iron_pickaxe":1,"minecraft:iron_block":3,"minecraft:stone_sword":1,"minecraft:gold_ingot":31,"minecraft:shears":1,"minecraft:stone_shovel":2,"minecraft:furnace":2,"minecraft:ladder":3,"minecraft:stone_pickaxe":2,"minecraft:cooked_beef":2,"minecraft:enchanting_table":1,"minecraft:iron_sword":1,"minecraft:bucket":2,"minecraft:stone_axe":1,"minecraft:bread":1,"minecraft:air":0,"minecraft:golden_apple":2,"minecraft:iron_shovel":1,"minecraft:iron_leggings":2,"minecraft:anvil":1,"minecraft:white_bed":2,"minecraft:torch":276,"minecraft:diamond_chestplate":2}},"DataVersion":3953}