{"stats":{"minecraft:mined":{"minecraft:white_bed":6,"minecraft:oak_door":1,"minecraft:smoker":1,"minecraft:dandelion":1,"minecraft:oak_fence":1,"minecraft:crafting_table":4,"minecraft:granite":22,"minecraft:short_grass":29,"minecraft:grass_block":86,"minecraft:tall_grass":9,"minecraft:copper_ore":2,"minecraft:cobblestone":2,"minecraft:birch_slab":3,"minecraft:oak_planks":2,"minecraft:sugar_cane":1,"minecraft:furnace":1,"minecraft:yellow_bed":5,"minecraft:azure_bluet":1,"minecraft:bell":6,"minecraft:oak_log":5,"minecraft:cobblestone_slab":2,"minecraft:dirt_path":45,"minecraft:gravel":14,"minecraft:sand":3,"minecraft:dirt":30,"minecraft:stone":116,"minecraft:oak_leaves":3,"minecraft:suspicious_gravel":1},"minecraft:custom":{"minecraft:interact_with_furnace":13,"minecraft:mob_kills":13,"minecraft:interact_with_crafting_table":17,"minecraft:bell_ring":40,"minecraft:leave_game":1,"minecraft:time_since_death":58087,"minecraft:sleep_in_bed":2,"minecraft:climb_one_cm":3306,"minecraft:time_since_rest":3693,"minecraft:sprint_one_cm":211682,"minecraft:damage_taken":753,"minecraft:walk_one_cm":113851,"minecraft:drop":17,"minecraft:damage_dealt":2105,"minecraft:swim_one_cm":5880,"minecraft:fly_one_cm":193250,"minecraft:open_chest":6,"minecraft:crouch_one_cm":2994,"minecraft:play_time":58087,"minecraft:sneak_time":776,"minecraft:walk_under_water_one_cm":479,"minecraft:jump":963,"minecraft:walk_on_water_one_cm":6185,"minecraft:interact_with_smoker":1,"minecraft:total_world_time":58087,"minecraft:fall_one_cm":28372},"minecraft:broken":{"minecraft:stone_pickaxe":1,"minecraft:stone_shovel":1},"minecraft:used":{"minecraft:oak_fence":1,"minecraft:cooked_mutton":6,"minecraft:water_bucket":2,"minecraft:stone_sword":45,"minecraft:oak_planks":8,"minecraft:poppy":2,"minecraft:ladder":2,"minecraft:stone_pickaxe":153,"minecraft:stone_shovel":151,"minecraft:dried_kelp":17,"minecraft:wooden_pickaxe":3,"minecraft:bell":5,"minecraft:cobblestone_slab":38,"minecraft:sugar_cane":3,"minecraft:cooked_chicken":1,"minecraft:rotten_flesh":2,"minecraft:oak_door":3,"minecraft:torch":34,"minecraft:dirt":146,"minecraft:crafting_table":4,"minecraft:white_bed":7,"minecraft:granite":20,"minecraft:cornflower":1,"minecraft:birch_slab":31,"minecraft:bread":1,"minecraft:birch_sapling":2,"minecraft:gravel":4,"minecraft:stone_axe":23,"minecraft:green_carpet":1,"minecraft:fishing_rod":11,"minecraft:cobblestone":69,"minecraft:oak_sapling":5,"minecraft:furnace":1,"minecraft:cooked_porkchop":3,"minecraft:bucket":3,"minecraft:yellow_bed":4,"minecraft:egg":6,"minecraft:kelp":8},"minecraft:dropped":{"minecraft:wheat_seeds":16,"minecraft:feather":4,"minecraft:oak_fence":1,"minecraft:cooked_mutton":1,"minecraft:copper_ingot":4,"minecraft:azure_bluet":1,"minecraft:yellow_bed":1,"minecraft:sand":1},"minecraft:picked_up":{"minecraft:crafting_table":4,"minecraft:azure_bluet":1,"minecraft:feather":4,"minecraft:chicken":4,"minecraft:birch_slab":3,"minecraft:smoker":1,"minecraft:birch_planks":24,"minecraft:flint":2,"minecraft:oak_log":5,"minecraft:yellow_bed":5,"minecraft:shield":1,"minecraft:cornflower":1,"minecraft:dirt":162,"minecraft:raw_copper":4,"minecraft:cooked_mutton":1,"minecraft:beetroot":1,"minecraft:apple":1,"minecraft:kelp":8,"minecraft:wheat_seeds":15,"minecraft:bell":6,"minecraft:iron_ingot":5,"minecraft:cobblestone_slab":2,"minecraft:poppy":2,"minecraft:sugar_cane":4,"minecraft:oak_planks":10,"minecraft:birch_sapling":2,"minecraft:egg":7,"minecraft:furnace":1,"minecraft:stick":4,"minecraft:oak_door":3,"minecraft:copper_ingot":1,"minecraft:oak_fence":2,"minecraft:torch":3,"minecraft:dandelion":20,"minecraft:gravel":12,"minecraft:porkchop":5,"minecraft:sand":1,"minecraft:dried_kelp":32,"minecraft:white_bed":6,"minecraft:green_carpet":1,"minecraft:rotten_flesh":1,"minecraft:diamond_axe":1,"minecraft:granite":22,"minecraft:oak_sapling":5,"minecraft:mutton":6,"minecraft:coal":9,"minecraft:white_wool":4,"minecraft:cobblestone":116},"minecraft:crafted":{"minecraft:oak_planks":20,"minecraft:cobblestone_slab":36,"minecraft:stone_shovel":2,"minecraft:cooked_porkchop":3,"minecraft:crafting_table":1,"minecraft:wooden_pickaxe":1,"minecraft:cooked_chicken":1,"minecraft:birch_slab":36,"minecraft:furnace":2,"minecraft:copper_ingot":3,"minecraft:bucket":1,"minecraft:stone_axe":1,"minecraft:bread":1,"minecraft:cooked_mutton":6,"minecraft:air":0,"minecraft:ladder":3,"minecraft:stick":32,"minecraft:stone_pickaxe":2,"minecraft:stone_sword":1,"minecraft:white_bed":1,"minecraft:torch":40},"minecraft:killed":{"minecraft:pig":2,"minecraft:iron_golem":1,"minecraft:sheep":3,"minecraft:zombie":1,"minecraft:chicken":4,"minecraft:villager":1,"minecraft:cow":1}},"DataVersion":3953}