{"stats":{"minecraft:broken":{"minecraft:golden_boots":1,"minecraft:stone_pickaxe":1,"minecraft:stone_shovel":1},"minecraft:custom":{"minecraft:interact_with_anvil":1,"minecraft:mob_kills":88,"minecraft:interact_with_crafting_table":55,"minecraft:interact_with_campfire":12,"minecraft:bell_ring":40,"minecraft:leave_game":5,"minecraft:time_since_death":111149,"minecraft:climb_one_cm":8405,"minecraft:sprint_one_cm":730440,"minecraft:walk_one_cm":371172,"minecraft:damage_blocked_by_shield":3261,"minecraft:drop":66,"minecraft:talked_to_villager":2,"minecraft:play_time":229581,"minecraft:sneak_time":2253,"minecraft:deaths":2,"minecraft:walk_under_water_one_cm":7025,"minecraft:jump":4470,"minecraft:enchant_item":2,"minecraft:walk_on_water_one_cm":47261,"minecraft:total_world_time":229581,"minecraft:interact_with_furnace":63,"minecraft:sleep_in_bed":12,"minecraft:time_since_rest":7165,"minecraft:damage_taken":5900,"minecraft:damage_dealt":12603,"minecraft:swim_one_cm":77537,"minecraft:fly_one_cm":789345,"minecraft:open_chest":56,"minecraft:crouch_one_cm":5541,"minecraft:interact_with_smoker":1,"minecraft:fall_one_cm":124177},"minecraft:picked_up":{"minecraft:fishing_rod":1,"minecraft:charcoal":2,"minecraft:crafting_table":7,"minecraft:iron_chestplate":4,"minecraft:wheat":5,"minecraft:azure_bluet":2,"minecraft:ladder":1,"minecraft:chicken":11,"minecraft:gold_block":2,"minecraft:potion":1,"minecraft:shield":2,"minecraft:amethyst_block":3,"minecraft:cornflower":1,"minecraft:string":8,"minecraft:soul_soil":1,"minecraft:raw_copper":8,"minecraft:flint_and_steel":1,"minecraft:iron_leggings":3,"minecraft:beetroot":4,"minecraft:smooth_stone":11,"minecraft:gold_nugget":106,"minecraft:cobbled_deepslate":205,"minecraft:cobblestone_slab":2,"minecraft:calcite":2,"minecraft:spruce_slab":4,"minecraft:poppy":4,"minecraft:light_gray_wool":2,"minecraft:lectern":1,"minecraft:sugar_cane":16,"minecraft:chest":2,"minecraft:birch_sapling":2,"minecraft:furnace":4,"minecraft:iron_boots":3,"minecraft:egg":17,"minecraft:stick":9,"minecraft:raw_iron":84,"minecraft:oak_door":3,"minecraft:copper_ingot":1,"minecraft:oak_fence":3,"minecraft:torch":47,"minecraft:porkchop":25,"minecraft:polished_blackstone_bricks":3,"minecraft:dried_kelp":32,"minecraft:diorite":11,"minecraft:redstone":50,"minecraft:stone_sword":2,"minecraft:arrow":149,"minecraft:rotten_flesh":32,"minecraft:beetroot_seeds":8,"minecraft:gold_ingot":4,"minecraft:oxeye_daisy":1,"minecraft:obsidian":5,"minecraft:mutton":24,"minecraft:white_wool":57,"minecraft:cobblestone":231,"minecraft:feather":13,"minecraft:cooked_beef":24,"minecraft:birch_slab":11,"minecraft:andesite":7,"minecraft:leather":10,"minecraft:gunpowder":8,"minecraft:smoker":2,"minecraft:potato":13,"minecraft:birch_planks":24,"minecraft:flint":2,"minecraft:tuff":12,"minecraft:oak_log":38,"minecraft:golden_boots":1,"minecraft:yellow_bed":5,"minecraft:cobblestone_stairs":3,"minecraft:lapis_lazuli":186,"minecraft:dirt":414,"minecraft:cooked_mutton":25,"minecraft:bone":18,"minecraft:apple":1,"minecraft:kelp":8,"minecraft:stone_pickaxe":2,"minecraft:wheat_seeds":45,"minecraft:cobbled_deepslate_slab":12,"minecraft:heart_of_the_sea":1,"minecraft:raw_gold":30,"minecraft:bell":7,"minecraft:iron_ingot":22,"minecraft:cooked_chicken":6,"minecraft:stone_hoe":1,"minecraft:iron_sword":1,"minecraft:oak_planks":59,"minecraft:book":48,"minecraft:oak_slab":2,"minecraft:cooked_porkchop":2,"minecraft:dandelion":42,"minecraft:gravel":47,"minecraft:sand":1,"minecraft:amethyst_shard":12,"minecraft:grass_block":1,"minecraft:spruce_sapling":11,"minecraft:blast_furnace":1,"minecraft:white_bed":6,"minecraft:spruce_log":217,"minecraft:green_carpet":1,"minecraft:spider_eye":5,"minecraft:mossy_cobblestone":6,"minecraft:snout_armor_trim_smithing_template":1,"minecraft:diamond":37,"minecraft:stone_axe":1,"minecraft:short_grass":1,"minecraft:granite":26,"minecraft:diamond_axe":3,"minecraft:bricks":1,"minecraft:bread":27,"minecraft:oak_sapling":12,"minecraft:netherrack":6,"minecraft:coal":111,"minecraft:ender_pearl":1,"minecraft:diamond_pickaxe":2},"minecraft:dropped":{"minecraft:stone_hoe":2,"minecraft:diamond_axe":1,"minecraft:wheat_seeds":28,"minecraft:diamond_leggings":1,"minecraft:oak_fence":1,"minecraft:feather":8,"minecraft:book":26,"minecraft:copper_ingot":4,"minecraft:stick":4,"minecraft:dirt":82,"minecraft:iron_leggings":3,"minecraft:sand":1,"minecraft:white_wool":44,"minecraft:bone":11,"minecraft:dandelion":1,"minecraft:gold_ingot":4,"minecraft:gravel":2,"minecraft:sugar_cane":1,"minecraft:stone_sword":1,"minecraft:raw_copper":4,"minecraft:stone_shovel":1,"minecraft:chicken":4,"minecraft:smoker":1,"minecraft:iron_boots":2,"minecraft:cooked_mutton":1,"minecraft:azure_bluet":2,"minecraft:blast_furnace":1,"minecraft:diamond_chestplate":1,"minecraft:diamond_pickaxe":1,"minecraft:iron_chestplate":3,"minecraft:yellow_bed":1,"minecraft:spider_eye":1,"minecraft:spruce_log":212,"minecraft:stone_pickaxe":2},"minecraft:mined":{"minecraft:nether_gold_ore":18,"minecraft:tuff":12,"minecraft:white_bed":6,"minecraft:mossy_cobblestone":6,"minecraft:deepslate_diamond_ore":36,"minecraft:oak_door":1,"minecraft:cobblestone_stairs":3,"minecraft:obsidian":5,"minecraft:granite":25,"minecraft:grass_block":244,"minecraft:soul_soil":1,"minecraft:birch_slab":3,"minecraft:smooth_stone":11,"minecraft:tall_seagrass":1,"minecraft:redstone_ore":2,"minecraft:furnace":4,"minecraft:iron_ore":38,"minecraft:cobbled_deepslate":7,"minecraft:fire":1,"minecraft:andesite":7,"minecraft:deepslate_lapis_ore":16,"minecraft:azure_bluet":2,"minecraft:bell":6,"minecraft:dirt_path":55,"minecraft:deepslate_iron_ore":48,"minecraft:cobblestone_slab":2,"minecraft:stone":212,"minecraft:deepslate_redstone_ore":4,"minecraft:glass_pane":2,"minecraft:smoker":1,"minecraft:amethyst_cluster":3,"minecraft:dandelion":3,"minecraft:oak_fence":2,"minecraft:crafting_table":7,"minecraft:torch":6,"minecraft:short_grass":69,"minecraft:calcite":2,"minecraft:chest":2,"minecraft:copper_ore":2,"minecraft:tall_grass":18,"minecraft:cobblestone":23,"minecraft:lapis_ore":7,"minecraft:deepslate_gold_ore":23,"minecraft:oak_planks":5,"minecraft:sugar_cane":4,"minecraft:bricks":1,"minecraft:diorite":12,"minecraft:amethyst_block":3,"minecraft:spruce_log":219,"minecraft:yellow_bed":5,"minecraft:oak_log":38,"minecraft:coal_ore":76,"minecraft:gravel":17,"minecraft:sand":3,"minecraft:dirt":67,"minecraft:netherrack":1,"minecraft:gold_ore":7,"minecraft:oak_leaves":14,"minecraft:deepslate":138,"minecraft:suspicious_gravel":1},"minecraft:used":{"minecraft:oak_fence":2,"minecraft:beetroot":1,"minecraft:enchanting_table":1,"minecraft:stone_sword":82,"minecraft:iron_shovel":197,"minecraft:stone_shovel":155,"minecraft:dried_kelp":29,"minecraft:ladder":2,"minecraft:poppy":2,"minecraft:chest":7,"minecraft:shield":130,"minecraft:iron_sword":104,"minecraft:bell":5,"minecraft:cooked_chicken":7,"minecraft:rotten_flesh":2,"minecraft:iron_chestplate":3,"minecraft:oak_door":3,"minecraft:torch":263,"minecraft:dirt":256,"minecraft:anvil":1,"minecraft:tuff":10,"minecraft:granite":23,"minecraft:bricks":1,"minecraft:bookshelf":12,"minecraft:birch_sapling":2,"minecraft:iron_helmet":1,"minecraft:diamond_chestplate":3,"minecraft:light_gray_wool":2,"minecraft:bow":16,"minecraft:oak_sapling":10,"minecraft:furnace":6,"minecraft:egg":13,"minecraft:cooked_beef":19,"minecraft:cobbled_deepslate":78,"minecraft:iron_leggings":2,"minecraft:calcite":2,"minecraft:golden_boots":1,"minecraft:short_grass":1,"minecraft:cooked_mutton":15,"minecraft:water_bucket":7,"minecraft:diorite":11,"minecraft:cobblestone_stairs":3,"minecraft:amethyst_block":1,"minecraft:oak_planks":8,"minecraft:stone_pickaxe":165,"minecraft:wooden_pickaxe":3,"minecraft:sugar_cane":3,"minecraft:diamond_axe":339,"minecraft:cobblestone_slab":38,"minecraft:mossy_cobblestone":6,"minecraft:crafting_table":11,"minecraft:white_bed":8,"minecraft:campfire":2,"minecraft:shears":2,"minecraft:diamond_pickaxe":452,"minecraft:cornflower":1,"minecraft:birch_slab":31,"minecraft:bread":48,"minecraft:oak_button":4,"minecraft:iron_pickaxe":151,"minecraft:iron_door":3,"minecraft:gravel":4,"minecraft:spruce_sapling":8,"minecraft:stone_axe":23,"minecraft:green_carpet":1,"minecraft:fishing_rod":11,"minecraft:cobblestone":165,"minecraft:cooked_porkchop":6,"minecraft:andesite":7,"minecraft:bucket":9,"minecraft:smooth_stone":8,"minecraft:yellow_bed":4,"minecraft:diamond_leggings":1,"minecraft:kelp":8,"minecraft:dandelion":1},"minecraft:killed":{"minecraft:spider":5,"minecraft:skeleton":16,"minecraft:chicken":11,"minecraft:pig":11,"minecraft:zombie_villager":1,"minecraft:iron_golem":1,"minecraft:bat":1,"minecraft:sheep":12,"minecraft:zombie":18,"minecraft:ghast":1,"minecraft:enderman":2,"minecraft:villager":1,"minecraft:cow":2},"minecraft:crafted":{"minecraft:oak_planks":128,"minecraft:cobblestone_slab":36,"minecraft:stone_shovel":2,"minecraft:cooked_chicken":6,"minecraft:birch_slab":36,"minecraft:furnace":2,"minecraft:bookshelf":12,"minecraft:cooked_mutton":12,"minecraft:diamond_leggings":2,"minecraft:bow":2,"minecraft:iron_boots":1,"minecraft:ladder":3,"minecraft:stone_pickaxe":2,"minecraft:chest":5,"minecraft:oak_button":4,"minecraft:iron_door":3,"minecraft:stone_hoe":2,"minecraft:golden_boots":1,"minecraft:cooked_beef":2,"minecraft:arrow":4,"minecraft:cooked_porkchop":24,"minecraft:spruce_planks":20,"minecraft:crafting_table":5,"minecraft:enchanting_table":1,"minecraft:iron_helmet":1,"minecraft:wooden_pickaxe":1,"minecraft:iron_sword":1,"minecraft:copper_ingot":3,"minecraft:bucket":2,"minecraft:campfire":2,"minecraft:stone_axe":1,"minecraft:bread":1,"minecraft:air":0,"minecraft:book":2,"minecraft:iron_chestplate":2,"minecraft:paper":6,"minecraft:stick":88,"minecraft:iron_ingot":83,"minecraft:iron_pickaxe":1,"minecraft:iron_block":3,"minecraft:stone_sword":1,"minecraft:iron_shovel":1,"minecraft:iron_leggings":2,"minecraft:gold_ingot":22,"minecraft:anvil":1,"minecraft:white_bed":2,"minecraft:torch":276,"minecraft:shears":1,"minecraft:diamond_chestplate":2}},"DataVersion":3953}