{"stats":{"minecraft:mined":{"minecraft:smoker":1,"minecraft:crafting_table":3,"minecraft:granite":22,"minecraft:short_grass":3,"minecraft:grass_block":9,"minecraft:tall_grass":2,"minecraft:copper_ore":2,"minecraft:sugar_cane":1,"minecraft:furnace":1,"minecraft:oak_log":5,"minecraft:gravel":14,"minecraft:sand":3,"minecraft:dirt":19,"minecraft:stone":116,"minecraft:oak_leaves":3,"minecraft:suspicious_gravel":1},"minecraft:custom":{"minecraft:interact_with_furnace":13,"minecraft:mob_kills":9,"minecraft:interact_with_crafting_table":7,"minecraft:leave_game":1,"minecraft:time_since_death":29195,"minecraft:time_since_rest":29195,"minecraft:sprint_one_cm":109901,"minecraft:damage_taken":543,"minecraft:walk_one_cm":45671,"minecraft:drop":1,"minecraft:damage_dealt":930,"minecraft:swim_one_cm":5880,"minecraft:fly_one_cm":108172,"minecraft:open_chest":2,"minecraft:crouch_one_cm":57,"minecraft:play_time":29195,"minecraft:sneak_time":132,"minecraft:walk_under_water_one_cm":479,"minecraft:jump":486,"minecraft:walk_on_water_one_cm":4467,"minecraft:total_world_time":29195,"minecraft:interact_with_smoker":1,"minecraft:fall_one_cm":12760},"minecraft:broken":{"minecraft:stone_pickaxe":1},"minecraft:used":{"minecraft:cooked_mutton":6,"minecraft:stone_sword":17,"minecraft:stone_pickaxe":139,"minecraft:stone_shovel":17,"minecraft:dried_kelp":8,"minecraft:wooden_pickaxe":3,"minecraft:rotten_flesh":2,"minecraft:torch":6,"minecraft:dirt":9,"minecraft:crafting_table":2,"minecraft:bread":1,"minecraft:birch_sapling":2,"minecraft:stone_axe":10,"minecraft:fishing_rod":11,"minecraft:furnace":1},"minecraft:dropped":{"minecraft:cooked_mutton":1},"minecraft:picked_up":{"minecraft:crafting_table":3,"minecraft:feather":1,"minecraft:chicken":2,"minecraft:smoker":1,"minecraft:birch_planks":24,"minecraft:flint":2,"minecraft:oak_log":5,"minecraft:shield":1,"minecraft:dirt":28,"minecraft:raw_copper":4,"minecraft:cooked_mutton":1,"minecraft:apple":1,"minecraft:kelp":8,"minecraft:wheat_seeds":2,"minecraft:sugar_cane":3,"minecraft:birch_sapling":2,"minecraft:egg":2,"minecraft:furnace":1,"minecraft:stick":4,"minecraft:copper_ingot":1,"minecraft:torch":2,"minecraft:gravel":12,"minecraft:porkchop":5,"minecraft:sand":1,"minecraft:dried_kelp":32,"minecraft:rotten_flesh":1,"minecraft:granite":22,"minecraft:oak_sapling":5,"minecraft:mutton":6,"minecraft:coal":9,"minecraft:white_wool":4,"minecraft:cobblestone":114},"minecraft:crafted":{"minecraft:oak_planks":20,"minecraft:stone_shovel":1,"minecraft:cooked_porkchop":3,"minecraft:crafting_table":1,"minecraft:wooden_pickaxe":1,"minecraft:cooked_chicken":1,"minecraft:furnace":2,"minecraft:copper_ingot":3,"minecraft:stone_axe":1,"minecraft:bread":1,"minecraft:cooked_mutton":6,"minecraft:air":0,"minecraft:stick":16,"minecraft:stone_pickaxe":2,"minecraft:stone_sword":1,"minecraft:torch":20},"minecraft:killed":{"minecraft:pig":2,"minecraft:sheep":3,"minecraft:zombie":1,"minecraft:chicken":2,"minecraft:cow":1}},"DataVersion":3953}