{"stats":{"minecraft:broken":{"minecraft:golden_boots":1,"minecraft:stone_pickaxe":1,"minecraft:stone_shovel":1},"minecraft:custom":{"minecraft:mob_kills":80,"minecraft:interact_with_crafting_table":43,"minecraft:interact_with_campfire":12,"minecraft:bell_ring":40,"minecraft:leave_game":5,"minecraft:time_since_death":87149,"minecraft:climb_one_cm":7571,"minecraft:sprint_one_cm":660063,"minecraft:walk_one_cm":338669,"minecraft:damage_blocked_by_shield":3251,"minecraft:drop":51,"minecraft:talked_to_villager":2,"minecraft:play_time":205581,"minecraft:sneak_time":1748,"minecraft:deaths":2,"minecraft:walk_under_water_one_cm":6937,"minecraft:jump":4119,"minecraft:walk_on_water_one_cm":41965,"minecraft:total_world_time":205581,"minecraft:interact_with_furnace":60,"minecraft:sleep_in_bed":10,"minecraft:time_since_rest":15239,"minecraft:damage_taken":5837,"minecraft:damage_dealt":11585,"minecraft:swim_one_cm":73349,"minecraft:fly_one_cm":716680,"minecraft:open_chest":26,"minecraft:crouch_one_cm":5399,"minecraft:interact_with_smoker":1,"minecraft:fall_one_cm":116391},"minecraft:picked_up":{"minecraft:charcoal":2,"minecraft:crafting_table":7,"minecraft:iron_chestplate":1,"minecraft:azure_bluet":2,"minecraft:chicken":10,"minecraft:shield":2,"minecraft:amethyst_block":2,"minecraft:cornflower":1,"minecraft:string":8,"minecraft:soul_soil":1,"minecraft:raw_copper":4,"minecraft:beetroot":1,"minecraft:gold_nugget":81,"minecraft:cobbled_deepslate":146,"minecraft:cobblestone_slab":2,"minecraft:calcite":2,"minecraft:poppy":2,"minecraft:light_gray_wool":2,"minecraft:sugar_cane":9,"minecraft:birch_sapling":2,"minecraft:furnace":4,"minecraft:iron_boots":1,"minecraft:egg":13,"minecraft:stick":9,"minecraft:raw_iron":84,"minecraft:oak_door":3,"minecraft:copper_ingot":1,"minecraft:oak_fence":3,"minecraft:torch":45,"minecraft:porkchop":25,"minecraft:dried_kelp":32,"minecraft:diorite":11,"minecraft:redstone":25,"minecraft:stone_sword":1,"minecraft:arrow":136,"minecraft:rotten_flesh":21,"minecraft:gold_ingot":4,"minecraft:mutton":24,"minecraft:white_wool":55,"minecraft:cobblestone":214,"minecraft:feather":7,"minecraft:cooked_beef":19,"minecraft:birch_slab":3,"minecraft:andesite":7,"minecraft:smoker":1,"minecraft:potato":1,"minecraft:birch_planks":24,"minecraft:flint":2,"minecraft:tuff":8,"minecraft:oak_log":30,"minecraft:golden_boots":1,"minecraft:yellow_bed":5,"minecraft:lapis_lazuli":143,"minecraft:dirt":413,"minecraft:cooked_mutton":25,"minecraft:bone":18,"minecraft:apple":1,"minecraft:kelp":8,"minecraft:wheat_seeds":27,"minecraft:raw_gold":30,"minecraft:bell":6,"minecraft:iron_ingot":19,"minecraft:cooked_chicken":2,"minecraft:iron_sword":1,"minecraft:oak_planks":12,"minecraft:cooked_porkchop":2,"minecraft:dandelion":22,"minecraft:gravel":16,"minecraft:sand":1,"minecraft:amethyst_shard":12,"minecraft:spruce_sapling":8,"minecraft:white_bed":6,"minecraft:spruce_log":212,"minecraft:green_carpet":1,"minecraft:spider_eye":2,"minecraft:diamond":36,"minecraft:short_grass":1,"minecraft:granite":23,"minecraft:diamond_axe":2,"minecraft:bread":27,"minecraft:oak_sapling":11,"minecraft:netherrack":2,"minecraft:coal":111,"minecraft:diamond_pickaxe":2},"minecraft:dropped":{"minecraft:stone_hoe":2,"minecraft:wheat_seeds":28,"minecraft:oak_fence":1,"minecraft:feather":6,"minecraft:copper_ingot":4,"minecraft:stick":4,"minecraft:dirt":82,"minecraft:sand":1,"minecraft:white_wool":44,"minecraft:bone":11,"minecraft:dandelion":1,"minecraft:gold_ingot":4,"minecraft:gravel":2,"minecraft:stone_sword":1,"minecraft:stone_shovel":1,"minecraft:chicken":4,"minecraft:iron_boots":1,"minecraft:cooked_mutton":1,"minecraft:azure_bluet":2,"minecraft:diamond_chestplate":1,"minecraft:diamond_pickaxe":1,"minecraft:iron_chestplate":1,"minecraft:yellow_bed":1,"minecraft:spider_eye":1,"minecraft:spruce_log":212,"minecraft:stone_pickaxe":1},"minecraft:mined":{"minecraft:nether_gold_ore":18,"minecraft:tuff":8,"minecraft:white_bed":6,"minecraft:deepslate_diamond_ore":36,"minecraft:oak_door":1,"minecraft:granite":23,"minecraft:grass_block":243,"minecraft:soul_soil":1,"minecraft:birch_slab":3,"minecraft:redstone_ore":2,"minecraft:furnace":4,"minecraft:iron_ore":38,"minecraft:cobbled_deepslate":6,"minecraft:fire":1,"minecraft:andesite":7,"minecraft:deepslate_lapis_ore":16,"minecraft:azure_bluet":2,"minecraft:bell":6,"minecraft:dirt_path":55,"minecraft:deepslate_iron_ore":48,"minecraft:cobblestone_slab":2,"minecraft:stone":209,"minecraft:deepslate_redstone_ore":4,"minecraft:smoker":1,"minecraft:amethyst_cluster":3,"minecraft:dandelion":3,"minecraft:oak_fence":2,"minecraft:crafting_table":7,"minecraft:torch":5,"minecraft:short_grass":61,"minecraft:calcite":2,"minecraft:copper_ore":2,"minecraft:tall_grass":18,"minecraft:cobblestone":10,"minecraft:lapis_ore":7,"minecraft:deepslate_gold_ore":23,"minecraft:oak_planks":5,"minecraft:sugar_cane":1,"minecraft:diorite":12,"minecraft:amethyst_block":2,"minecraft:spruce_log":213,"minecraft:yellow_bed":5,"minecraft:oak_log":30,"minecraft:coal_ore":76,"minecraft:gravel":17,"minecraft:sand":3,"minecraft:dirt":67,"minecraft:netherrack":1,"minecraft:gold_ore":7,"minecraft:oak_leaves":9,"minecraft:deepslate":138,"minecraft:suspicious_gravel":1},"minecraft:used":{"minecraft:oak_fence":2,"minecraft:beetroot":1,"minecraft:stone_sword":82,"minecraft:iron_shovel":197,"minecraft:stone_shovel":155,"minecraft:dried_kelp":29,"minecraft:ladder":2,"minecraft:poppy":2,"minecraft:chest":1,"minecraft:shield":129,"minecraft:iron_sword":86,"minecraft:bell":5,"minecraft:cooked_chicken":7,"minecraft:rotten_flesh":2,"minecraft:iron_chestplate":2,"minecraft:oak_door":3,"minecraft:torch":256,"minecraft:dirt":255,"minecraft:tuff":7,"minecraft:granite":23,"minecraft:birch_sapling":2,"minecraft:iron_helmet":1,"minecraft:diamond_chestplate":1,"minecraft:light_gray_wool":2,"minecraft:bow":16,"minecraft:oak_sapling":10,"minecraft:furnace":6,"minecraft:egg":11,"minecraft:cooked_beef":19,"minecraft:cobbled_deepslate":68,"minecraft:iron_leggings":2,"minecraft:calcite":2,"minecraft:golden_boots":1,"minecraft:short_grass":1,"minecraft:cooked_mutton":13,"minecraft:water_bucket":7,"minecraft:diorite":11,"minecraft:oak_planks":8,"minecraft:stone_pickaxe":165,"minecraft:wooden_pickaxe":3,"minecraft:sugar_cane":3,"minecraft:diamond_axe":316,"minecraft:cobblestone_slab":38,"minecraft:crafting_table":10,"minecraft:white_bed":8,"minecraft:campfire":2,"minecraft:shears":2,"minecraft:diamond_pickaxe":400,"minecraft:cornflower":1,"minecraft:birch_slab":31,"minecraft:bread":48,"minecraft:oak_button":2,"minecraft:iron_pickaxe":151,"minecraft:iron_door":2,"minecraft:gravel":4,"minecraft:spruce_sapling":8,"minecraft:stone_axe":23,"minecraft:green_carpet":1,"minecraft:fishing_rod":11,"minecraft:cobblestone":165,"minecraft:cooked_porkchop":5,"minecraft:andesite":5,"minecraft:bucket":9,"minecraft:yellow_bed":4,"minecraft:kelp":8,"minecraft:dandelion":1},"minecraft:killed":{"minecraft:spider":5,"minecraft:skeleton":16,"minecraft:chicken":8,"minecraft:pig":11,"minecraft:zombie_villager":1,"minecraft:iron_golem":1,"minecraft:bat":1,"minecraft:sheep":12,"minecraft:zombie":17,"minecraft:ghast":1,"minecraft:enderman":1,"minecraft:villager":1,"minecraft:cow":1},"minecraft:crafted":{"minecraft:oak_planks":96,"minecraft:cobblestone_slab":36,"minecraft:stone_shovel":2,"minecraft:cooked_chicken":6,"minecraft:birch_slab":36,"minecraft:furnace":2,"minecraft:cooked_mutton":12,"minecraft:bow":2,"minecraft:iron_boots":1,"minecraft:ladder":3,"minecraft:stone_pickaxe":2,"minecraft:chest":1,"minecraft:oak_button":2,"minecraft:iron_door":3,"minecraft:stone_hoe":2,"minecraft:golden_boots":1,"minecraft:cooked_beef":2,"minecraft:arrow":4,"minecraft:cooked_porkchop":23,"minecraft:crafting_table":5,"minecraft:iron_helmet":1,"minecraft:wooden_pickaxe":1,"minecraft:iron_sword":1,"minecraft:copper_ingot":3,"minecraft:bucket":2,"minecraft:campfire":2,"minecraft:stone_axe":1,"minecraft:bread":1,"minecraft:air":0,"minecraft:iron_chestplate":2,"minecraft:stick":84,"minecraft:iron_ingot":83,"minecraft:iron_pickaxe":1,"minecraft:iron_block":3,"minecraft:stone_sword":1,"minecraft:iron_shovel":1,"minecraft:iron_leggings":2,"minecraft:gold_ingot":22,"minecraft:anvil":1,"minecraft:white_bed":2,"minecraft:torch":260,"minecraft:shears":1,"minecraft:diamond_chestplate":2}},"DataVersion":3953}