{"stats":{"minecraft:mined":{"minecraft:white_bed":1,"minecraft:smoker":1,"minecraft:dandelion":1,"minecraft:oak_fence":1,"minecraft:crafting_table":3,"minecraft:granite":22,"minecraft:short_grass":24,"minecraft:grass_block":83,"minecraft:tall_grass":5,"minecraft:copper_ore":2,"minecraft:cobblestone":2,"minecraft:oak_planks":2,"minecraft:sugar_cane":1,"minecraft:furnace":1,"minecraft:yellow_bed":3,"minecraft:azure_bluet":1,"minecraft:oak_log":5,"minecraft:cobblestone_slab":2,"minecraft:dirt_path":36,"minecraft:gravel":14,"minecraft:sand":3,"minecraft:dirt":30,"minecraft:stone":116,"minecraft:oak_leaves":3,"minecraft:suspicious_gravel":1},"minecraft:custom":{"minecraft:interact_with_furnace":13,"minecraft:mob_kills":12,"minecraft:interact_with_crafting_table":13,"minecraft:leave_game":1,"minecraft:time_since_death":46087,"minecraft:sleep_in_bed":1,"minecraft:climb_one_cm":1164,"minecraft:time_since_rest":7959,"minecraft:sprint_one_cm":157747,"minecraft:damage_taken":623,"minecraft:walk_one_cm":83490,"minecraft:drop":14,"minecraft:damage_dealt":1890,"minecraft:swim_one_cm":5880,"minecraft:fly_one_cm":153143,"minecraft:open_chest":5,"minecraft:crouch_one_cm":2890,"minecraft:play_time":46087,"minecraft:sneak_time":744,"minecraft:walk_under_water_one_cm":479,"minecraft:jump":755,"minecraft:walk_on_water_one_cm":6185,"minecraft:interact_with_smoker":1,"minecraft:total_world_time":46087,"minecraft:fall_one_cm":21502},"minecraft:broken":{"minecraft:stone_pickaxe":1,"minecraft:stone_shovel":1},"minecraft:used":{"minecraft:cooked_mutton":6,"minecraft:water_bucket":2,"minecraft:stone_sword":30,"minecraft:poppy":2,"minecraft:ladder":1,"minecraft:stone_pickaxe":143,"minecraft:stone_shovel":139,"minecraft:dried_kelp":8,"minecraft:wooden_pickaxe":3,"minecraft:cobblestone_slab":29,"minecraft:sugar_cane":3,"minecraft:cooked_chicken":1,"minecraft:rotten_flesh":2,"minecraft:torch":14,"minecraft:dirt":146,"minecraft:crafting_table":3,"minecraft:white_bed":1,"minecraft:granite":16,"minecraft:cornflower":1,"minecraft:bread":1,"minecraft:birch_sapling":2,"minecraft:gravel":1,"minecraft:stone_axe":18,"minecraft:fishing_rod":11,"minecraft:cobblestone":68,"minecraft:oak_sapling":5,"minecraft:furnace":1,"minecraft:cooked_porkchop":2,"minecraft:bucket":3,"minecraft:yellow_bed":2,"minecraft:egg":4,"minecraft:kelp":8},"minecraft:dropped":{"minecraft:wheat_seeds":16,"minecraft:cooked_mutton":1,"minecraft:copper_ingot":4,"minecraft:azure_bluet":1,"minecraft:yellow_bed":1},"minecraft:picked_up":{"minecraft:crafting_table":3,"minecraft:azure_bluet":1,"minecraft:feather":4,"minecraft:chicken":4,"minecraft:smoker":1,"minecraft:birch_planks":24,"minecraft:flint":2,"minecraft:oak_log":5,"minecraft:yellow_bed":3,"minecraft:shield":1,"minecraft:cornflower":1,"minecraft:dirt":150,"minecraft:raw_copper":4,"minecraft:cooked_mutton":1,"minecraft:apple":1,"minecraft:kelp":8,"minecraft:wheat_seeds":15,"minecraft:iron_ingot":5,"minecraft:cobblestone_slab":2,"minecraft:poppy":2,"minecraft:sugar_cane":3,"minecraft:oak_planks":2,"minecraft:birch_sapling":2,"minecraft:egg":4,"minecraft:furnace":1,"minecraft:stick":4,"minecraft:copper_ingot":1,"minecraft:oak_fence":1,"minecraft:torch":2,"minecraft:dandelion":20,"minecraft:gravel":12,"minecraft:porkchop":5,"minecraft:sand":1,"minecraft:dried_kelp":32,"minecraft:white_bed":1,"minecraft:rotten_flesh":1,"minecraft:granite":22,"minecraft:oak_sapling":5,"minecraft:mutton":6,"minecraft:coal":9,"minecraft:white_wool":4,"minecraft:cobblestone":116},"minecraft:crafted":{"minecraft:oak_planks":20,"minecraft:cobblestone_slab":36,"minecraft:stone_shovel":1,"minecraft:cooked_porkchop":3,"minecraft:crafting_table":1,"minecraft:wooden_pickaxe":1,"minecraft:cooked_chicken":1,"minecraft:furnace":2,"minecraft:copper_ingot":3,"minecraft:bucket":1,"minecraft:stone_axe":1,"minecraft:bread":1,"minecraft:cooked_mutton":6,"minecraft:air":0,"minecraft:ladder":3,"minecraft:stick":24,"minecraft:stone_pickaxe":2,"minecraft:stone_sword":1,"minecraft:torch":20},"minecraft:killed":{"minecraft:pig":2,"minecraft:iron_golem":1,"minecraft:sheep":3,"minecraft:zombie":1,"minecraft:chicken":4,"minecraft:cow":1}},"DataVersion":3953}