{"stats":{"minecraft:mined":{"minecraft:granite":22,"minecraft:crafting_table":2,"minecraft:oak_log":5,"minecraft:grass_block":9,"minecraft:dirt":19,"minecraft:gravel":14,"minecraft:sand":3,"minecraft:copper_ore":2,"minecraft:stone":116,"minecraft:oak_leaves":1,"minecraft:suspicious_gravel":1},"minecraft:custom":{"minecraft:time_since_rest":19858,"minecraft:interact_with_furnace":7,"minecraft:sprint_one_cm":39849,"minecraft:damage_taken":295,"minecraft:walk_one_cm":32778,"minecraft:mob_kills":6,"minecraft:damage_dealt":580,"minecraft:swim_one_cm":2347,"minecraft:interact_with_crafting_table":7,"minecraft:fly_one_cm":37953,"minecraft:open_chest":2,"minecraft:crouch_one_cm":57,"minecraft:play_time":19858,"minecraft:sneak_time":103,"minecraft:walk_under_water_one_cm":74,"minecraft:jump":208,"minecraft:walk_on_water_one_cm":2235,"minecraft:time_since_death":19858,"minecraft:interact_with_smoker":1,"minecraft:total_world_time":19858,"minecraft:fall_one_cm":4665},"minecraft:broken":{"minecraft:stone_pickaxe":1},"minecraft:used":{"minecraft:cooked_mutton":2,"minecraft:stone_sword":6,"minecraft:dried_kelp":8,"minecraft:stone_shovel":17,"minecraft:bread":1,"minecraft:stone_pickaxe":137,"minecraft:birch_sapling":2,"minecraft:wooden_pickaxe":3,"minecraft:rotten_flesh":2,"minecraft:stone_axe":6,"minecraft:torch":6,"minecraft:fishing_rod":11,"minecraft:dirt":6,"minecraft:crafting_table":2,"minecraft:furnace":1},"minecraft:picked_up":{"minecraft:crafting_table":2,"minecraft:chicken":1,"minecraft:torch":2,"minecraft:porkchop":3,"minecraft:gravel":12,"minecraft:flint":2,"minecraft:sand":1,"minecraft:dried_kelp":16,"minecraft:oak_log":5,"minecraft:dirt":28,"minecraft:raw_copper":4,"minecraft:rotten_flesh":1,"minecraft:granite":22,"minecraft:mutton":6,"minecraft:birch_sapling":2,"minecraft:egg":2,"minecraft:white_wool":4,"minecraft:cobblestone":114},"minecraft:crafted":{"minecraft:oak_planks":20,"minecraft:stone_shovel":1,"minecraft:crafting_table":1,"minecraft:stick":16,"minecraft:wooden_pickaxe":1,"minecraft:stone_pickaxe":2,"minecraft:stone_sword":1,"minecraft:furnace":2,"minecraft:torch":20,"minecraft:stone_axe":1,"minecraft:cooked_mutton":6,"minecraft:bread":1},"minecraft:killed":{"minecraft:sheep":3,"minecraft:pig":1,"minecraft:zombie":1,"minecraft:chicken":1}},"DataVersion":3953}