{"stats":{"minecraft:mined":{"minecraft:oak_log":5,"minecraft:grass_block":4,"minecraft:dirt":7,"minecraft:gravel":14,"minecraft:sand":3,"minecraft:copper_ore":2,"minecraft:stone":58,"minecraft:oak_leaves":1,"minecraft:suspicious_gravel":1},"minecraft:custom":{"minecraft:time_since_rest":7858,"minecraft:sprint_one_cm":14387,"minecraft:damage_taken":220,"minecraft:walk_one_cm":14613,"minecraft:interact_with_crafting_table":5,"minecraft:fly_one_cm":21780,"minecraft:open_chest":2,"minecraft:crouch_one_cm":57,"minecraft:play_time":7858,"minecraft:sneak_time":96,"minecraft:jump":108,"minecraft:time_since_death":7858,"minecraft:total_world_time":7858,"minecraft:fall_one_cm":3144},"minecraft:used":{"minecraft:bread":1,"minecraft:stone_pickaxe":57,"minecraft:wooden_pickaxe":3,"minecraft:rotten_flesh":1,"minecraft:torch":3,"minecraft:fishing_rod":11,"minecraft:dirt":3,"minecraft:crafting_table":1},"minecraft:picked_up":{"minecraft:torch":1,"minecraft:gravel":12,"minecraft:flint":2,"minecraft:sand":1,"minecraft:oak_log":5,"minecraft:dirt":11,"minecraft:raw_copper":4,"minecraft:cobblestone":58},"minecraft:crafted":{"minecraft:oak_planks":20,"minecraft:stone_shovel":1,"minecraft:crafting_table":1,"minecraft:stick":16,"minecraft:wooden_pickaxe":1,"minecraft:stone_pickaxe":1,"minecraft:stone_sword":1,"minecraft:furnace":2,"minecraft:torch":20,"minecraft:stone_axe":1,"minecraft:bread":1}},"DataVersion":3953}