{"stats":{"minecraft:mined":{"minecraft:white_bed":6,"minecraft:oak_door":1,"minecraft:granite":22,"minecraft:grass_block":86,"minecraft:birch_slab":3,"minecraft:furnace":2,"minecraft:iron_ore":25,"minecraft:andesite":5,"minecraft:azure_bluet":1,"minecraft:bell":6,"minecraft:cobblestone_slab":2,"minecraft:dirt_path":45,"minecraft:stone":138,"minecraft:smoker":1,"minecraft:dandelion":1,"minecraft:oak_fence":1,"minecraft:crafting_table":5,"minecraft:short_grass":34,"minecraft:copper_ore":2,"minecraft:tall_grass":15,"minecraft:cobblestone":4,"minecraft:sugar_cane":1,"minecraft:oak_planks":3,"minecraft:diorite":3,"minecraft:yellow_bed":5,"minecraft:oak_log":10,"minecraft:coal_ore":55,"minecraft:sand":3,"minecraft:gravel":14,"minecraft:dirt":30,"minecraft:gold_ore":5,"minecraft:oak_leaves":5,"minecraft:suspicious_gravel":1},"minecraft:broken":{"minecraft:stone_pickaxe":1,"minecraft:stone_shovel":1},"minecraft:custom":{"minecraft:mob_kills":26,"minecraft:interact_with_crafting_table":19,"minecraft:bell_ring":40,"minecraft:leave_game":1,"minecraft:time_since_death":82087,"minecraft:climb_one_cm":3747,"minecraft:sprint_one_cm":277537,"minecraft:walk_one_cm":149276,"minecraft:damage_blocked_by_shield":1872,"minecraft:drop":18,"minecraft:play_time":82087,"minecraft:sneak_time":948,"minecraft:walk_under_water_one_cm":2518,"minecraft:jump":1455,"minecraft:walk_on_water_one_cm":12961,"minecraft:total_world_time":82087,"minecraft:interact_with_furnace":17,"minecraft:sleep_in_bed":2,"minecraft:time_since_rest":27693,"minecraft:damage_taken":1618,"minecraft:damage_dealt":4494,"minecraft:fly_one_cm":269597,"minecraft:swim_one_cm":6349,"minecraft:open_chest":6,"minecraft:crouch_one_cm":3286,"minecraft:interact_with_smoker":1,"minecraft:fall_one_cm":43937},"minecraft:used":{"minecraft:oak_fence":1,"minecraft:stone_sword":59,"minecraft:stone_shovel":151,"minecraft:dried_kelp":29,"minecraft:ladder":2,"minecraft:poppy":2,"minecraft:shield":84,"minecraft:rotten_flesh":2,"minecraft:bell":5,"minecraft:cooked_chicken":1,"minecraft:oak_door":3,"minecraft:torch":79,"minecraft:dirt":162,"minecraft:granite":22,"minecraft:birch_sapling":2,"minecraft:furnace":2,"minecraft:oak_sapling":5,"minecraft:egg":6,"minecraft:cooked_mutton":6,"minecraft:water_bucket":4,"minecraft:stone_pickaxe":165,"minecraft:oak_planks":8,"minecraft:wooden_pickaxe":3,"minecraft:diamond_axe":37,"minecraft:sugar_cane":3,"minecraft:cobblestone_slab":38,"minecraft:crafting_table":5,"minecraft:white_bed":7,"minecraft:cornflower":1,"minecraft:birch_slab":31,"minecraft:bread":15,"minecraft:iron_pickaxe":108,"minecraft:gravel":4,"minecraft:stone_axe":23,"minecraft:green_carpet":1,"minecraft:fishing_rod":11,"minecraft:cobblestone":84,"minecraft:cooked_porkchop":4,"minecraft:bucket":5,"minecraft:yellow_bed":4,"minecraft:kelp":8},"minecraft:dropped":{"minecraft:wheat_seeds":16,"minecraft:oak_fence":1,"minecraft:feather":4,"minecraft:copper_ingot":4,"minecraft:sand":1,"minecraft:cooked_mutton":1,"minecraft:azure_bluet":1,"minecraft:yellow_bed":1,"minecraft:stone_pickaxe":1},"minecraft:picked_up":{"minecraft:crafting_table":5,"minecraft:azure_bluet":1,"minecraft:chicken":4,"minecraft:shield":1,"minecraft:cornflower":1,"minecraft:string":8,"minecraft:raw_copper":4,"minecraft:beetroot":1,"minecraft:cobblestone_slab":2,"minecraft:poppy":2,"minecraft:sugar_cane":4,"minecraft:birch_sapling":2,"minecraft:furnace":2,"minecraft:egg":9,"minecraft:stick":4,"minecraft:raw_iron":23,"minecraft:oak_door":3,"minecraft:copper_ingot":1,"minecraft:oak_fence":2,"minecraft:torch":3,"minecraft:porkchop":6,"minecraft:dried_kelp":32,"minecraft:diorite":2,"minecraft:arrow":5,"minecraft:rotten_flesh":5,"minecraft:mutton":6,"minecraft:white_wool":4,"minecraft:cobblestone":139,"minecraft:feather":4,"minecraft:birch_slab":3,"minecraft:andesite":5,"minecraft:smoker":1,"minecraft:potato":1,"minecraft:birch_planks":24,"minecraft:flint":2,"minecraft:oak_log":10,"minecraft:yellow_bed":5,"minecraft:dirt":173,"minecraft:cooked_mutton":1,"minecraft:bone":4,"minecraft:apple":1,"minecraft:kelp":8,"minecraft:wheat_seeds":16,"minecraft:raw_gold":5,"minecraft:bell":6,"minecraft:iron_ingot":5,"minecraft:oak_planks":11,"minecraft:cooked_porkchop":1,"minecraft:dandelion":20,"minecraft:gravel":12,"minecraft:sand":1,"minecraft:white_bed":6,"minecraft:green_carpet":1,"minecraft:spider_eye":1,"minecraft:granite":22,"minecraft:diamond_axe":1,"minecraft:oak_sapling":5,"minecraft:coal":64},"minecraft:crafted":{"minecraft:oak_planks":40,"minecraft:cobblestone_slab":36,"minecraft:stone_shovel":2,"minecraft:cooked_chicken":1,"minecraft:birch_slab":36,"minecraft:furnace":2,"minecraft:cooked_mutton":6,"minecraft:ladder":3,"minecraft:stone_pickaxe":2,"minecraft:cooked_porkchop":3,"minecraft:crafting_table":1,"minecraft:wooden_pickaxe":1,"minecraft:copper_ingot":3,"minecraft:bucket":1,"minecraft:stone_axe":1,"minecraft:bread":1,"minecraft:air":0,"minecraft:stick":52,"minecraft:iron_ingot":4,"minecraft:iron_pickaxe":1,"minecraft:stone_sword":1,"minecraft:white_bed":1,"minecraft:torch":132},"minecraft:killed":{"minecraft:spider":3,"minecraft:skeleton":4,"minecraft:chicken":4,"minecraft:pig":2,"minecraft:iron_golem":1,"minecraft:sheep":3,"minecraft:zombie":7,"minecraft:villager":1,"minecraft:cow":1}},"DataVersion":3953}