{"stats":{"minecraft:mined":{"minecraft:nether_gold_ore":18,"minecraft:white_bed":6,"minecraft:oak_door":1,"minecraft:granite":22,"minecraft:grass_block":240,"minecraft:soul_soil":1,"minecraft:birch_slab":3,"minecraft:furnace":2,"minecraft:iron_ore":33,"minecraft:andesite":5,"minecraft:azure_bluet":1,"minecraft:bell":6,"minecraft:cobblestone_slab":2,"minecraft:dirt_path":54,"minecraft:stone":143,"minecraft:smoker":1,"minecraft:dandelion":2,"minecraft:oak_fence":1,"minecraft:crafting_table":6,"minecraft:short_grass":47,"minecraft:copper_ore":2,"minecraft:tall_grass":16,"minecraft:cobblestone":8,"minecraft:lapis_ore":7,"minecraft:sugar_cane":1,"minecraft:oak_planks":3,"minecraft:diorite":3,"minecraft:yellow_bed":5,"minecraft:oak_log":20,"minecraft:coal_ore":55,"minecraft:sand":3,"minecraft:gravel":15,"minecraft:dirt":64,"minecraft:netherrack":1,"minecraft:gold_ore":5,"minecraft:oak_leaves":8,"minecraft:suspicious_gravel":1},"minecraft:broken":{"minecraft:stone_pickaxe":1,"minecraft:stone_shovel":1},"minecraft:custom":{"minecraft:mob_kills":47,"minecraft:interact_with_crafting_table":33,"minecraft:interact_with_campfire":12,"minecraft:bell_ring":40,"minecraft:leave_game":2,"minecraft:time_since_death":710,"minecraft:climb_one_cm":4181,"minecraft:sprint_one_cm":387761,"minecraft:walk_one_cm":206407,"minecraft:damage_blocked_by_shield":2083,"minecraft:drop":27,"minecraft:play_time":116245,"minecraft:deaths":1,"minecraft:sneak_time":1255,"minecraft:walk_under_water_one_cm":2884,"minecraft:jump":2115,"minecraft:walk_on_water_one_cm":14229,"minecraft:total_world_time":116245,"minecraft:interact_with_furnace":46,"minecraft:sleep_in_bed":4,"minecraft:time_since_rest":583,"minecraft:damage_taken":2853,"minecraft:damage_dealt":6380,"minecraft:fly_one_cm":386512,"minecraft:swim_one_cm":17775,"minecraft:open_chest":10,"minecraft:crouch_one_cm":3900,"minecraft:interact_with_smoker":1,"minecraft:fall_one_cm":65655},"minecraft:used":{"minecraft:beetroot":1,"minecraft:oak_fence":1,"minecraft:stone_sword":82,"minecraft:iron_shovel":197,"minecraft:stone_shovel":155,"minecraft:dried_kelp":29,"minecraft:ladder":2,"minecraft:poppy":2,"minecraft:shield":93,"minecraft:iron_sword":1,"minecraft:rotten_flesh":2,"minecraft:bell":5,"minecraft:cooked_chicken":6,"minecraft:iron_chestplate":1,"minecraft:oak_door":3,"minecraft:torch":86,"minecraft:dirt":233,"minecraft:granite":22,"minecraft:birch_sapling":2,"minecraft:iron_helmet":1,"minecraft:light_gray_wool":2,"minecraft:bow":6,"minecraft:furnace":4,"minecraft:oak_sapling":5,"minecraft:egg":8,"minecraft:iron_leggings":1,"minecraft:cooked_mutton":9,"minecraft:water_bucket":4,"minecraft:diorite":2,"minecraft:stone_pickaxe":165,"minecraft:oak_planks":8,"minecraft:wooden_pickaxe":3,"minecraft:diamond_axe":68,"minecraft:sugar_cane":3,"minecraft:cobblestone_slab":38,"minecraft:crafting_table":8,"minecraft:campfire":2,"minecraft:white_bed":8,"minecraft:cornflower":1,"minecraft:birch_slab":31,"minecraft:bread":25,"minecraft:iron_pickaxe":151,"minecraft:gravel":4,"minecraft:stone_axe":23,"minecraft:green_carpet":1,"minecraft:fishing_rod":11,"minecraft:cobblestone":98,"minecraft:cooked_porkchop":4,"minecraft:andesite":5,"minecraft:bucket":5,"minecraft:yellow_bed":4,"minecraft:kelp":8,"minecraft:dandelion":1},"minecraft:dropped":{"minecraft:wheat_seeds":23,"minecraft:oak_fence":1,"minecraft:feather":4,"minecraft:copper_ingot":4,"minecraft:dirt":64,"minecraft:sand":1,"minecraft:gold_ingot":4,"minecraft:gravel":1,"minecraft:stone_sword":1,"minecraft:stone_shovel":1,"minecraft:chicken":4,"minecraft:iron_boots":1,"minecraft:cooked_mutton":1,"minecraft:azure_bluet":1,"minecraft:yellow_bed":1,"minecraft:stone_pickaxe":1},"minecraft:picked_up":{"minecraft:charcoal":2,"minecraft:crafting_table":6,"minecraft:azure_bluet":1,"minecraft:chicken":10,"minecraft:shield":1,"minecraft:soul_soil":1,"minecraft:cornflower":1,"minecraft:string":8,"minecraft:raw_copper":4,"minecraft:beetroot":1,"minecraft:gold_nugget":81,"minecraft:cobblestone_slab":2,"minecraft:poppy":2,"minecraft:light_gray_wool":2,"minecraft:sugar_cane":4,"minecraft:birch_sapling":2,"minecraft:iron_boots":1,"minecraft:furnace":2,"minecraft:egg":9,"minecraft:stick":4,"minecraft:raw_iron":31,"minecraft:oak_door":3,"minecraft:copper_ingot":1,"minecraft:oak_fence":2,"minecraft:torch":3,"minecraft:porkchop":25,"minecraft:dried_kelp":32,"minecraft:diorite":2,"minecraft:stone_sword":1,"minecraft:arrow":69,"minecraft:rotten_flesh":5,"minecraft:gold_ingot":4,"minecraft:mutton":24,"minecraft:white_wool":11,"minecraft:cobblestone":147,"minecraft:feather":5,"minecraft:birch_slab":3,"minecraft:andesite":5,"minecraft:smoker":1,"minecraft:potato":1,"minecraft:birch_planks":24,"minecraft:flint":2,"minecraft:oak_log":20,"minecraft:yellow_bed":5,"minecraft:lapis_lazuli":43,"minecraft:dirt":370,"minecraft:cooked_mutton":9,"minecraft:bone":5,"minecraft:apple":1,"minecraft:kelp":8,"minecraft:wheat_seeds":22,"minecraft:raw_gold":5,"minecraft:bell":6,"minecraft:iron_ingot":5,"minecraft:oak_planks":11,"minecraft:cooked_porkchop":1,"minecraft:dandelion":21,"minecraft:gravel":13,"minecraft:sand":1,"minecraft:white_bed":6,"minecraft:green_carpet":1,"minecraft:spider_eye":1,"minecraft:granite":22,"minecraft:diamond_axe":1,"minecraft:oak_sapling":6,"minecraft:netherrack":2,"minecraft:coal":64},"minecraft:crafted":{"minecraft:oak_planks":56,"minecraft:cobblestone_slab":36,"minecraft:stone_shovel":2,"minecraft:cooked_chicken":6,"minecraft:birch_slab":36,"minecraft:furnace":2,"minecraft:cooked_mutton":12,"minecraft:bow":1,"minecraft:iron_boots":1,"minecraft:ladder":3,"minecraft:stone_pickaxe":2,"minecraft:golden_boots":1,"minecraft:cooked_beef":2,"minecraft:arrow":4,"minecraft:cooked_porkchop":23,"minecraft:crafting_table":3,"minecraft:iron_helmet":1,"minecraft:wooden_pickaxe":1,"minecraft:iron_sword":1,"minecraft:copper_ingot":3,"minecraft:bucket":1,"minecraft:campfire":2,"minecraft:stone_axe":1,"minecraft:bread":1,"minecraft:air":0,"minecraft:iron_chestplate":1,"minecraft:stick":64,"minecraft:iron_ingot":30,"minecraft:iron_pickaxe":1,"minecraft:stone_sword":1,"minecraft:gold_ingot":8,"minecraft:iron_shovel":1,"minecraft:iron_leggings":1,"minecraft:white_bed":2,"minecraft:torch":132},"minecraft:killed":{"minecraft:spider":3,"minecraft:skeleton":5,"minecraft:chicken":6,"minecraft:pig":10,"minecraft:iron_golem":1,"minecraft:sheep":12,"minecraft:zombie":7,"minecraft:ghast":1,"minecraft:villager":1,"minecraft:cow":1}},"DataVersion":3953}