{"stats":{"minecraft:broken":{"minecraft:golden_boots":1,"minecraft:stone_pickaxe":1,"minecraft:stone_shovel":1},"minecraft:custom":{"minecraft:mob_kills":69,"minecraft:interact_with_crafting_table":39,"minecraft:interact_with_campfire":12,"minecraft:bell_ring":40,"minecraft:leave_game":5,"minecraft:time_since_death":51149,"minecraft:climb_one_cm":5316,"minecraft:sprint_one_cm":560789,"minecraft:walk_one_cm":285807,"minecraft:damage_blocked_by_shield":2870,"minecraft:drop":41,"minecraft:play_time":169581,"minecraft:sneak_time":1392,"minecraft:deaths":2,"minecraft:walk_under_water_one_cm":5439,"minecraft:jump":3403,"minecraft:walk_on_water_one_cm":30148,"minecraft:total_world_time":169581,"minecraft:interact_with_furnace":54,"minecraft:sleep_in_bed":8,"minecraft:time_since_rest":14010,"minecraft:damage_taken":5400,"minecraft:damage_dealt":9887,"minecraft:swim_one_cm":68997,"minecraft:fly_one_cm":606833,"minecraft:open_chest":23,"minecraft:crouch_one_cm":4652,"minecraft:interact_with_smoker":1,"minecraft:fall_one_cm":103049},"minecraft:picked_up":{"minecraft:charcoal":2,"minecraft:crafting_table":6,"minecraft:iron_chestplate":1,"minecraft:azure_bluet":2,"minecraft:chicken":10,"minecraft:shield":2,"minecraft:amethyst_block":2,"minecraft:cornflower":1,"minecraft:string":8,"minecraft:soul_soil":1,"minecraft:raw_copper":4,"minecraft:beetroot":1,"minecraft:gold_nugget":81,"minecraft:cobbled_deepslate":104,"minecraft:cobblestone_slab":2,"minecraft:calcite":2,"minecraft:poppy":2,"minecraft:light_gray_wool":2,"minecraft:sugar_cane":9,"minecraft:birch_sapling":2,"minecraft:furnace":4,"minecraft:iron_boots":1,"minecraft:egg":11,"minecraft:stick":9,"minecraft:raw_iron":40,"minecraft:oak_door":3,"minecraft:copper_ingot":1,"minecraft:oak_fence":2,"minecraft:torch":38,"minecraft:porkchop":25,"minecraft:dried_kelp":32,"minecraft:diorite":11,"minecraft:redstone":25,"minecraft:stone_sword":1,"minecraft:arrow":135,"minecraft:rotten_flesh":17,"minecraft:gold_ingot":4,"minecraft:mutton":24,"minecraft:white_wool":55,"minecraft:cobblestone":205,"minecraft:feather":6,"minecraft:cooked_beef":19,"minecraft:birch_slab":3,"minecraft:andesite":5,"minecraft:smoker":1,"minecraft:potato":1,"minecraft:birch_planks":24,"minecraft:flint":2,"minecraft:oak_log":30,"minecraft:golden_boots":1,"minecraft:yellow_bed":5,"minecraft:lapis_lazuli":65,"minecraft:dirt":396,"minecraft:cooked_mutton":25,"minecraft:bone":11,"minecraft:apple":1,"minecraft:kelp":8,"minecraft:wheat_seeds":26,"minecraft:raw_gold":25,"minecraft:bell":6,"minecraft:iron_ingot":19,"minecraft:cooked_chicken":1,"minecraft:iron_sword":1,"minecraft:oak_planks":12,"minecraft:cooked_porkchop":2,"minecraft:dandelion":22,"minecraft:gravel":15,"minecraft:sand":1,"minecraft:amethyst_shard":12,"minecraft:spruce_sapling":8,"minecraft:white_bed":6,"minecraft:spruce_log":212,"minecraft:green_carpet":1,"minecraft:spider_eye":2,"minecraft:diamond":5,"minecraft:short_grass":1,"minecraft:granite":23,"minecraft:diamond_axe":2,"minecraft:bread":27,"minecraft:oak_sapling":11,"minecraft:netherrack":2,"minecraft:coal":90,"minecraft:diamond_pickaxe":1},"minecraft:dropped":{"minecraft:wheat_seeds":27,"minecraft:oak_fence":1,"minecraft:feather":5,"minecraft:copper_ingot":4,"minecraft:stick":4,"minecraft:dirt":64,"minecraft:sand":1,"minecraft:white_wool":44,"minecraft:dandelion":1,"minecraft:gold_ingot":4,"minecraft:gravel":1,"minecraft:stone_sword":1,"minecraft:stone_shovel":1,"minecraft:chicken":4,"minecraft:iron_boots":1,"minecraft:cooked_mutton":1,"minecraft:azure_bluet":2,"minecraft:iron_chestplate":1,"minecraft:yellow_bed":1,"minecraft:spruce_log":212,"minecraft:stone_pickaxe":1},"minecraft:mined":{"minecraft:nether_gold_ore":18,"minecraft:white_bed":6,"minecraft:deepslate_diamond_ore":5,"minecraft:oak_door":1,"minecraft:granite":23,"minecraft:grass_block":243,"minecraft:soul_soil":1,"minecraft:birch_slab":3,"minecraft:redstone_ore":2,"minecraft:furnace":4,"minecraft:iron_ore":33,"minecraft:cobbled_deepslate":6,"minecraft:fire":1,"minecraft:andesite":5,"minecraft:deepslate_lapis_ore":4,"minecraft:azure_bluet":2,"minecraft:bell":6,"minecraft:dirt_path":55,"minecraft:deepslate_iron_ore":9,"minecraft:cobblestone_slab":2,"minecraft:stone":200,"minecraft:deepslate_redstone_ore":4,"minecraft:smoker":1,"minecraft:amethyst_cluster":3,"minecraft:dandelion":3,"minecraft:oak_fence":1,"minecraft:crafting_table":6,"minecraft:short_grass":58,"minecraft:calcite":2,"minecraft:copper_ore":2,"minecraft:tall_grass":18,"minecraft:cobblestone":10,"minecraft:lapis_ore":7,"minecraft:deepslate_gold_ore":20,"minecraft:oak_planks":5,"minecraft:sugar_cane":1,"minecraft:diorite":12,"minecraft:amethyst_block":2,"minecraft:spruce_log":213,"minecraft:yellow_bed":5,"minecraft:oak_log":30,"minecraft:coal_ore":55,"minecraft:gravel":17,"minecraft:sand":3,"minecraft:dirt":66,"minecraft:netherrack":1,"minecraft:gold_ore":5,"minecraft:oak_leaves":9,"minecraft:deepslate":102,"minecraft:suspicious_gravel":1},"minecraft:used":{"minecraft:oak_fence":1,"minecraft:beetroot":1,"minecraft:stone_sword":82,"minecraft:iron_shovel":197,"minecraft:stone_shovel":155,"minecraft:dried_kelp":29,"minecraft:ladder":2,"minecraft:poppy":2,"minecraft:chest":1,"minecraft:shield":116,"minecraft:iron_sword":57,"minecraft:bell":5,"minecraft:cooked_chicken":7,"minecraft:rotten_flesh":2,"minecraft:iron_chestplate":2,"minecraft:oak_door":3,"minecraft:torch":170,"minecraft:dirt":255,"minecraft:granite":23,"minecraft:birch_sapling":2,"minecraft:iron_helmet":1,"minecraft:light_gray_wool":2,"minecraft:bow":6,"minecraft:oak_sapling":10,"minecraft:furnace":6,"minecraft:egg":10,"minecraft:cooked_beef":11,"minecraft:iron_leggings":2,"minecraft:golden_boots":1,"minecraft:short_grass":1,"minecraft:cooked_mutton":13,"minecraft:water_bucket":6,"minecraft:diorite":2,"minecraft:oak_planks":8,"minecraft:stone_pickaxe":165,"minecraft:wooden_pickaxe":3,"minecraft:sugar_cane":3,"minecraft:diamond_axe":307,"minecraft:cobblestone_slab":38,"minecraft:crafting_table":9,"minecraft:white_bed":8,"minecraft:campfire":2,"minecraft:shears":2,"minecraft:diamond_pickaxe":230,"minecraft:cornflower":1,"minecraft:birch_slab":31,"minecraft:bread":48,"minecraft:iron_pickaxe":151,"minecraft:gravel":4,"minecraft:spruce_sapling":8,"minecraft:stone_axe":23,"minecraft:green_carpet":1,"minecraft:fishing_rod":11,"minecraft:cobblestone":154,"minecraft:cooked_porkchop":5,"minecraft:andesite":5,"minecraft:bucket":8,"minecraft:yellow_bed":4,"minecraft:kelp":8,"minecraft:dandelion":1},"minecraft:killed":{"minecraft:spider":5,"minecraft:skeleton":10,"minecraft:chicken":7,"minecraft:pig":11,"minecraft:zombie_villager":1,"minecraft:iron_golem":1,"minecraft:bat":1,"minecraft:sheep":12,"minecraft:zombie":15,"minecraft:ghast":1,"minecraft:villager":1,"minecraft:cow":1},"minecraft:crafted":{"minecraft:oak_planks":96,"minecraft:cobblestone_slab":36,"minecraft:stone_shovel":2,"minecraft:cooked_chicken":6,"minecraft:birch_slab":36,"minecraft:furnace":2,"minecraft:cooked_mutton":12,"minecraft:bow":2,"minecraft:iron_boots":1,"minecraft:ladder":3,"minecraft:stone_pickaxe":2,"minecraft:chest":1,"minecraft:golden_boots":1,"minecraft:cooked_beef":2,"minecraft:arrow":4,"minecraft:cooked_porkchop":23,"minecraft:crafting_table":4,"minecraft:iron_helmet":1,"minecraft:wooden_pickaxe":1,"minecraft:iron_sword":1,"minecraft:copper_ingot":3,"minecraft:bucket":2,"minecraft:campfire":2,"minecraft:stone_axe":1,"minecraft:bread":1,"minecraft:air":0,"minecraft:iron_chestplate":2,"minecraft:stick":64,"minecraft:iron_ingot":38,"minecraft:iron_pickaxe":1,"minecraft:stone_sword":1,"minecraft:iron_shovel":1,"minecraft:iron_leggings":2,"minecraft:gold_ingot":19,"minecraft:white_bed":2,"minecraft:torch":196,"minecraft:shears":1}},"DataVersion":3953}