{"stats":{"minecraft:mined":{"minecraft:white_bed":6,"minecraft:oak_door":1,"minecraft:granite":22,"minecraft:grass_block":86,"minecraft:birch_slab":3,"minecraft:furnace":2,"minecraft:iron_ore":16,"minecraft:andesite":2,"minecraft:azure_bluet":1,"minecraft:bell":6,"minecraft:cobblestone_slab":2,"minecraft:dirt_path":45,"minecraft:stone":124,"minecraft:smoker":1,"minecraft:dandelion":1,"minecraft:oak_fence":1,"minecraft:crafting_table":5,"minecraft:short_grass":32,"minecraft:copper_ore":2,"minecraft:tall_grass":11,"minecraft:cobblestone":2,"minecraft:sugar_cane":1,"minecraft:oak_planks":3,"minecraft:diorite":2,"minecraft:yellow_bed":5,"minecraft:oak_log":5,"minecraft:coal_ore":42,"minecraft:sand":3,"minecraft:gravel":14,"minecraft:dirt":30,"minecraft:oak_leaves":3,"minecraft:suspicious_gravel":1},"minecraft:broken":{"minecraft:stone_pickaxe":1,"minecraft:stone_shovel":1},"minecraft:custom":{"minecraft:mob_kills":19,"minecraft:interact_with_crafting_table":19,"minecraft:bell_ring":40,"minecraft:leave_game":1,"minecraft:time_since_death":70087,"minecraft:climb_one_cm":3747,"minecraft:sprint_one_cm":252380,"minecraft:walk_one_cm":134690,"minecraft:damage_blocked_by_shield":235,"minecraft:drop":18,"minecraft:play_time":70087,"minecraft:sneak_time":933,"minecraft:walk_under_water_one_cm":643,"minecraft:jump":1208,"minecraft:walk_on_water_one_cm":6437,"minecraft:total_world_time":70087,"minecraft:interact_with_furnace":17,"minecraft:sleep_in_bed":2,"minecraft:time_since_rest":15693,"minecraft:damage_taken":1003,"minecraft:damage_dealt":3065,"minecraft:fly_one_cm":237608,"minecraft:swim_one_cm":5880,"minecraft:open_chest":6,"minecraft:crouch_one_cm":3206,"minecraft:interact_with_smoker":1,"minecraft:fall_one_cm":36906},"minecraft:used":{"minecraft:oak_fence":1,"minecraft:stone_sword":49,"minecraft:stone_shovel":151,"minecraft:dried_kelp":26,"minecraft:ladder":2,"minecraft:poppy":2,"minecraft:shield":10,"minecraft:rotten_flesh":2,"minecraft:bell":5,"minecraft:cooked_chicken":1,"minecraft:oak_door":3,"minecraft:torch":62,"minecraft:dirt":159,"minecraft:granite":22,"minecraft:birch_sapling":2,"minecraft:furnace":2,"minecraft:oak_sapling":5,"minecraft:egg":6,"minecraft:cooked_mutton":6,"minecraft:water_bucket":3,"minecraft:stone_pickaxe":165,"minecraft:oak_planks":8,"minecraft:wooden_pickaxe":3,"minecraft:diamond_axe":16,"minecraft:sugar_cane":3,"minecraft:cobblestone_slab":38,"minecraft:crafting_table":5,"minecraft:white_bed":7,"minecraft:cornflower":1,"minecraft:birch_slab":31,"minecraft:bread":4,"minecraft:iron_pickaxe":61,"minecraft:gravel":4,"minecraft:stone_axe":23,"minecraft:green_carpet":1,"minecraft:fishing_rod":11,"minecraft:cobblestone":69,"minecraft:cooked_porkchop":4,"minecraft:bucket":4,"minecraft:yellow_bed":4,"minecraft:kelp":8},"minecraft:dropped":{"minecraft:wheat_seeds":16,"minecraft:oak_fence":1,"minecraft:feather":4,"minecraft:copper_ingot":4,"minecraft:sand":1,"minecraft:cooked_mutton":1,"minecraft:azure_bluet":1,"minecraft:yellow_bed":1,"minecraft:stone_pickaxe":1},"minecraft:picked_up":{"minecraft:crafting_table":5,"minecraft:azure_bluet":1,"minecraft:chicken":4,"minecraft:shield":1,"minecraft:cornflower":1,"minecraft:string":8,"minecraft:raw_copper":4,"minecraft:beetroot":1,"minecraft:cobblestone_slab":2,"minecraft:poppy":2,"minecraft:sugar_cane":4,"minecraft:birch_sapling":2,"minecraft:furnace":2,"minecraft:egg":9,"minecraft:stick":4,"minecraft:raw_iron":15,"minecraft:oak_door":3,"minecraft:copper_ingot":1,"minecraft:oak_fence":2,"minecraft:torch":3,"minecraft:porkchop":6,"minecraft:dried_kelp":32,"minecraft:diorite":2,"minecraft:arrow":1,"minecraft:rotten_flesh":1,"minecraft:mutton":6,"minecraft:white_wool":4,"minecraft:cobblestone":124,"minecraft:feather":4,"minecraft:birch_slab":3,"minecraft:andesite":2,"minecraft:smoker":1,"minecraft:birch_planks":24,"minecraft:flint":2,"minecraft:oak_log":5,"minecraft:yellow_bed":5,"minecraft:dirt":162,"minecraft:cooked_mutton":1,"minecraft:bone":2,"minecraft:apple":1,"minecraft:kelp":8,"minecraft:wheat_seeds":16,"minecraft:bell":6,"minecraft:iron_ingot":5,"minecraft:oak_planks":11,"minecraft:cooked_porkchop":1,"minecraft:dandelion":20,"minecraft:gravel":12,"minecraft:sand":1,"minecraft:white_bed":6,"minecraft:green_carpet":1,"minecraft:spider_eye":1,"minecraft:granite":22,"minecraft:diamond_axe":1,"minecraft:oak_sapling":5,"minecraft:coal":51},"minecraft:crafted":{"minecraft:oak_planks":20,"minecraft:cobblestone_slab":36,"minecraft:stone_shovel":2,"minecraft:cooked_chicken":1,"minecraft:birch_slab":36,"minecraft:furnace":2,"minecraft:cooked_mutton":6,"minecraft:ladder":3,"minecraft:stone_pickaxe":2,"minecraft:cooked_porkchop":3,"minecraft:crafting_table":1,"minecraft:wooden_pickaxe":1,"minecraft:copper_ingot":3,"minecraft:bucket":1,"minecraft:stone_axe":1,"minecraft:bread":1,"minecraft:air":0,"minecraft:stick":36,"minecraft:iron_ingot":4,"minecraft:iron_pickaxe":1,"minecraft:stone_sword":1,"minecraft:white_bed":1,"minecraft:torch":68},"minecraft:killed":{"minecraft:spider":3,"minecraft:skeleton":2,"minecraft:chicken":4,"minecraft:pig":2,"minecraft:iron_golem":1,"minecraft:sheep":3,"minecraft:zombie":2,"minecraft:villager":1,"minecraft:cow":1}},"DataVersion":3953}