{"stats":{"minecraft:mined":{"minecraft:nether_gold_ore":18,"minecraft:white_bed":6,"minecraft:deepslate_diamond_ore":1,"minecraft:oak_door":1,"minecraft:granite":22,"minecraft:grass_block":240,"minecraft:soul_soil":1,"minecraft:birch_slab":3,"minecraft:redstone_ore":2,"minecraft:furnace":2,"minecraft:cobbled_deepslate":6,"minecraft:iron_ore":33,"minecraft:andesite":5,"minecraft:azure_bluet":1,"minecraft:bell":6,"minecraft:deepslate_iron_ore":8,"minecraft:cobblestone_slab":2,"minecraft:dirt_path":55,"minecraft:stone":200,"minecraft:deepslate_redstone_ore":4,"minecraft:smoker":1,"minecraft:dandelion":2,"minecraft:oak_fence":1,"minecraft:crafting_table":6,"minecraft:short_grass":49,"minecraft:tall_grass":16,"minecraft:copper_ore":2,"minecraft:cobblestone":8,"minecraft:deepslate_gold_ore":14,"minecraft:lapis_ore":7,"minecraft:sugar_cane":1,"minecraft:oak_planks":3,"minecraft:diorite":12,"minecraft:yellow_bed":5,"minecraft:oak_log":20,"minecraft:coal_ore":55,"minecraft:gravel":17,"minecraft:sand":3,"minecraft:dirt":66,"minecraft:netherrack":1,"minecraft:gold_ore":5,"minecraft:oak_leaves":8,"minecraft:deepslate":88,"minecraft:suspicious_gravel":1},"minecraft:broken":{"minecraft:stone_pickaxe":1,"minecraft:stone_shovel":1},"minecraft:custom":{"minecraft:mob_kills":49,"minecraft:interact_with_crafting_table":35,"minecraft:interact_with_campfire":12,"minecraft:bell_ring":40,"minecraft:leave_game":2,"minecraft:time_since_death":13306,"minecraft:climb_one_cm":4181,"minecraft:sprint_one_cm":422426,"minecraft:walk_one_cm":223751,"minecraft:damage_blocked_by_shield":2148,"minecraft:drop":27,"minecraft:play_time":131738,"minecraft:deaths":2,"minecraft:sneak_time":1259,"minecraft:walk_under_water_one_cm":3631,"minecraft:jump":2390,"minecraft:walk_on_water_one_cm":17263,"minecraft:total_world_time":131738,"minecraft:interact_with_furnace":46,"minecraft:sleep_in_bed":5,"minecraft:time_since_rest":13180,"minecraft:damage_taken":3380,"minecraft:damage_dealt":6730,"minecraft:swim_one_cm":25658,"minecraft:fly_one_cm":434384,"minecraft:open_chest":11,"minecraft:crouch_one_cm":3900,"minecraft:interact_with_smoker":1,"minecraft:fall_one_cm":75809},"minecraft:used":{"minecraft:oak_fence":1,"minecraft:beetroot":1,"minecraft:stone_sword":82,"minecraft:iron_shovel":197,"minecraft:stone_shovel":155,"minecraft:dried_kelp":29,"minecraft:ladder":2,"minecraft:poppy":2,"minecraft:shield":95,"minecraft:iron_sword":8,"minecraft:bell":5,"minecraft:cooked_chicken":6,"minecraft:rotten_flesh":2,"minecraft:iron_chestplate":2,"minecraft:oak_door":3,"minecraft:torch":116,"minecraft:dirt":233,"minecraft:granite":22,"minecraft:birch_sapling":2,"minecraft:iron_helmet":1,"minecraft:light_gray_wool":2,"minecraft:bow":6,"minecraft:oak_sapling":10,"minecraft:furnace":4,"minecraft:egg":8,"minecraft:cooked_beef":3,"minecraft:iron_leggings":1,"minecraft:golden_boots":1,"minecraft:cooked_mutton":9,"minecraft:water_bucket":5,"minecraft:diorite":2,"minecraft:oak_planks":8,"minecraft:stone_pickaxe":165,"minecraft:wooden_pickaxe":3,"minecraft:sugar_cane":3,"minecraft:diamond_axe":68,"minecraft:cobblestone_slab":38,"minecraft:crafting_table":8,"minecraft:white_bed":8,"minecraft:campfire":2,"minecraft:diamond_pickaxe":189,"minecraft:cornflower":1,"minecraft:birch_slab":31,"minecraft:bread":27,"minecraft:iron_pickaxe":151,"minecraft:gravel":4,"minecraft:stone_axe":23,"minecraft:green_carpet":1,"minecraft:fishing_rod":11,"minecraft:cobblestone":127,"minecraft:cooked_porkchop":4,"minecraft:andesite":5,"minecraft:bucket":7,"minecraft:yellow_bed":4,"minecraft:kelp":8,"minecraft:dandelion":1},"minecraft:dropped":{"minecraft:wheat_seeds":23,"minecraft:oak_fence":1,"minecraft:feather":4,"minecraft:copper_ingot":4,"minecraft:dirt":64,"minecraft:sand":1,"minecraft:gold_ingot":4,"minecraft:gravel":1,"minecraft:stone_sword":1,"minecraft:stone_shovel":1,"minecraft:chicken":4,"minecraft:iron_boots":1,"minecraft:cooked_mutton":1,"minecraft:azure_bluet":1,"minecraft:yellow_bed":1,"minecraft:stone_pickaxe":1},"minecraft:picked_up":{"minecraft:charcoal":2,"minecraft:crafting_table":6,"minecraft:azure_bluet":1,"minecraft:chicken":10,"minecraft:shield":2,"minecraft:cornflower":1,"minecraft:string":8,"minecraft:soul_soil":1,"minecraft:raw_copper":4,"minecraft:beetroot":1,"minecraft:gold_nugget":81,"minecraft:cobbled_deepslate":90,"minecraft:cobblestone_slab":2,"minecraft:poppy":2,"minecraft:light_gray_wool":2,"minecraft:sugar_cane":9,"minecraft:birch_sapling":2,"minecraft:furnace":2,"minecraft:iron_boots":1,"minecraft:egg":9,"minecraft:stick":5,"minecraft:raw_iron":39,"minecraft:oak_door":3,"minecraft:copper_ingot":1,"minecraft:oak_fence":2,"minecraft:torch":37,"minecraft:porkchop":25,"minecraft:dried_kelp":32,"minecraft:diorite":11,"minecraft:redstone":25,"minecraft:rotten_flesh":5,"minecraft:stone_sword":1,"minecraft:arrow":132,"minecraft:gold_ingot":4,"minecraft:mutton":24,"minecraft:white_wool":11,"minecraft:cobblestone":203,"minecraft:feather":5,"minecraft:cooked_beef":19,"minecraft:birch_slab":3,"minecraft:andesite":5,"minecraft:smoker":1,"minecraft:potato":1,"minecraft:birch_planks":24,"minecraft:flint":2,"minecraft:oak_log":20,"minecraft:golden_boots":1,"minecraft:yellow_bed":5,"minecraft:lapis_lazuli":43,"minecraft:dirt":373,"minecraft:cooked_mutton":9,"minecraft:bone":7,"minecraft:apple":1,"minecraft:kelp":8,"minecraft:wheat_seeds":22,"minecraft:raw_gold":19,"minecraft:bell":6,"minecraft:iron_ingot":19,"minecraft:iron_sword":1,"minecraft:oak_planks":11,"minecraft:cooked_porkchop":1,"minecraft:dandelion":21,"minecraft:gravel":15,"minecraft:sand":1,"minecraft:white_bed":6,"minecraft:green_carpet":1,"minecraft:spider_eye":1,"minecraft:diamond":1,"minecraft:granite":22,"minecraft:diamond_axe":2,"minecraft:bread":27,"minecraft:oak_sapling":11,"minecraft:netherrack":2,"minecraft:coal":64,"minecraft:diamond_pickaxe":1},"minecraft:crafted":{"minecraft:oak_planks":56,"minecraft:cobblestone_slab":36,"minecraft:stone_shovel":2,"minecraft:cooked_chicken":6,"minecraft:birch_slab":36,"minecraft:furnace":2,"minecraft:cooked_mutton":12,"minecraft:bow":1,"minecraft:iron_boots":1,"minecraft:ladder":3,"minecraft:stone_pickaxe":2,"minecraft:golden_boots":1,"minecraft:cooked_beef":2,"minecraft:arrow":4,"minecraft:cooked_porkchop":23,"minecraft:crafting_table":3,"minecraft:iron_helmet":1,"minecraft:wooden_pickaxe":1,"minecraft:iron_sword":1,"minecraft:copper_ingot":3,"minecraft:bucket":2,"minecraft:campfire":2,"minecraft:stone_axe":1,"minecraft:bread":1,"minecraft:air":0,"minecraft:iron_chestplate":2,"minecraft:stick":64,"minecraft:iron_ingot":30,"minecraft:iron_pickaxe":1,"minecraft:stone_sword":1,"minecraft:iron_leggings":1,"minecraft:iron_shovel":1,"minecraft:gold_ingot":8,"minecraft:white_bed":2,"minecraft:torch":132},"minecraft:killed":{"minecraft:spider":4,"minecraft:skeleton":6,"minecraft:chicken":6,"minecraft:pig":10,"minecraft:iron_golem":1,"minecraft:sheep":12,"minecraft:zombie":7,"minecraft:ghast":1,"minecraft:villager":1,"minecraft:cow":1}},"DataVersion":3953}