{"stats":{"minecraft:custom":{"minecraft:interact_with_crafting_table":62,"minecraft:open_shulker_box":3,"minecraft:bell_ring":40,"minecraft:leave_game":7,"minecraft:time_since_death":246515,"minecraft:sprint_one_cm":1283485,"minecraft:damage_blocked_by_shield":4630,"minecraft:drop":117,"minecraft:talked_to_villager":2,"minecraft:play_time":365691,"minecraft:deaths":2,"minecraft:jump":7627,"minecraft:walk_on_water_one_cm":74757,"minecraft:enchant_item":3,"minecraft:interact_with_furnace":63,"minecraft:sleep_in_bed":14,"minecraft:open_enderchest":4,"minecraft:damage_dealt":26160,"minecraft:crouch_one_cm":15197,"minecraft:interact_with_smoker":1,"minecraft:mob_kills":134,"minecraft:interact_with_anvil":1,"minecraft:interact_with_campfire":12,"minecraft:climb_one_cm":9120,"minecraft:walk_one_cm":608705,"minecraft:sneak_time":4882,"minecraft:walk_under_water_one_cm":14473,"minecraft:total_world_time":365691,"minecraft:time_since_rest":84592,"minecraft:damage_taken":11225,"minecraft:damage_absorbed":40,"minecraft:swim_one_cm":91628,"minecraft:fly_one_cm":2224435,"minecraft:open_chest":88,"minecraft:fall_one_cm":213063},"minecraft:broken":{"minecraft:golden_boots":1,"minecraft:stone_pickaxe":1,"minecraft:stone_shovel":1,"minecraft:shield":1},"minecraft:picked_up":{"minecraft:shulker_shell":5,"minecraft:iron_chestplate":4,"minecraft:wheat":5,"minecraft:nether_brick_fence":3,"minecraft:diamond_sword":4,"minecraft:potion":1,"minecraft:amethyst_block":3,"minecraft:string":11,"minecraft:soul_soil":1,"minecraft:raw_copper":8,"minecraft:iron_leggings":3,"minecraft:beetroot":4,"minecraft:cobbled_deepslate":411,"minecraft:diamond_leggings":2,"minecraft:smooth_stone":11,"minecraft:gold_nugget":106,"minecraft:spruce_planks":306,"minecraft:cobblestone_slab":2,"minecraft:ender_eye":1,"minecraft:calcite":2,"minecraft:iron_pickaxe":3,"minecraft:furnace":4,"minecraft:iron_boots":3,"minecraft:stick":46,"minecraft:oak_fence":3,"minecraft:torch":101,"minecraft:purpur_pillar":2,"minecraft:porkchop":31,"minecraft:dried_kelp":32,"minecraft:diorite":27,"minecraft:stone_sword":2,"minecraft:rotten_flesh":47,"minecraft:end_rod":1,"minecraft:blaze_rod":20,"minecraft:obsidian":21,"minecraft:blaze_powder":21,"minecraft:cobblestone":393,"minecraft:feather":15,"minecraft:cooked_beef":27,"minecraft:birch_slab":11,"minecraft:water_bucket":2,"minecraft:andesite":20,"minecraft:smoker":2,"minecraft:potato":13,"minecraft:flint":4,"minecraft:tuff":20,"minecraft:lapis_lazuli":283,"minecraft:dirt":418,"minecraft:twisting_vines":3,"minecraft:bone":61,"minecraft:bow":3,"minecraft:wheat_seeds":45,"minecraft:raw_gold":30,"minecraft:cobbled_deepslate_slab":12,"minecraft:bell":7,"minecraft:diamond_helmet":1,"minecraft:mossy_stone_bricks":6,"minecraft:stone_hoe":1,"minecraft:oak_planks":59,"minecraft:cooked_porkchop":125,"minecraft:sand":1,"minecraft:grass_block":1,"minecraft:shulker_box":1,"minecraft:mossy_cobblestone":6,"minecraft:snout_armor_trim_smithing_template":1,"minecraft:diamond":45,"minecraft:granite":27,"minecraft:golden_apple":1,"minecraft:bread":27,"minecraft:oak_sapling":12,"minecraft:netherrack":178,"minecraft:chorus_fruit":3,"minecraft:bricks":1,"minecraft:diamond_pickaxe":4,"minecraft:fishing_rod":1,"minecraft:charcoal":2,"minecraft:crafting_table":9,"minecraft:azure_bluet":2,"minecraft:chicken":11,"minecraft:ladder":1,"minecraft:gold_block":3,"minecraft:purpur_block":5,"minecraft:shield":4,"minecraft:cornflower":1,"minecraft:elytra":1,"minecraft:flint_and_steel":1,"minecraft:cracked_stone_bricks":2,"minecraft:poppy":4,"minecraft:spruce_slab":4,"minecraft:light_gray_wool":2,"minecraft:lectern":1,"minecraft:sugar_cane":19,"minecraft:chest":4,"minecraft:birch_sapling":2,"minecraft:egg":18,"minecraft:raw_iron":104,"minecraft:end_stone":437,"minecraft:oak_door":3,"minecraft:copper_ingot":1,"minecraft:polished_blackstone_bricks":3,"minecraft:redstone":50,"minecraft:arrow":184,"minecraft:diamond_chestplate":3,"minecraft:beetroot_seeds":8,"minecraft:nether_bricks":8,"minecraft:diamond_boots":2,"minecraft:gold_ingot":6,"minecraft:mutton":24,"minecraft:white_wool":58,"minecraft:oxeye_daisy":1,"minecraft:leather":12,"minecraft:birch_planks":24,"minecraft:oak_log":38,"minecraft:yellow_bed":5,"minecraft:golden_boots":3,"minecraft:gunpowder":14,"minecraft:cobblestone_stairs":3,"minecraft:cooked_mutton":26,"minecraft:apple":5,"minecraft:stone_bricks":3,"minecraft:kelp":8,"minecraft:warped_stem":4,"minecraft:iron_ingot":30,"minecraft:heart_of_the_sea":1,"minecraft:stone_pickaxe":2,"minecraft:cooked_chicken":7,"minecraft:iron_sword":3,"minecraft:book":62,"minecraft:oak_slab":2,"minecraft:warped_fungus":1,"minecraft:quartz":42,"minecraft:dandelion":42,"minecraft:gravel":74,"minecraft:amethyst_shard":12,"minecraft:spruce_sapling":11,"minecraft:blast_furnace":1,"minecraft:white_bed":10,"minecraft:spruce_log":217,"minecraft:dragon_egg":1,"minecraft:green_carpet":1,"minecraft:spider_eye":7,"minecraft:diamond_shovel":2,"minecraft:stone_axe":1,"minecraft:short_grass":1,"minecraft:iron_helmet":1,"minecraft:diamond_axe":5,"minecraft:warped_roots":4,"minecraft:warped_nylium":1,"minecraft:coal":111,"minecraft:ender_pearl":66},"minecraft:dropped":{"minecraft:iron_sword":1,"minecraft:diamond_axe":1,"minecraft:ender_pearl":21,"minecraft:leather":2,"minecraft:cracked_stone_bricks":1,"minecraft:elytra":1,"minecraft:flint":2,"minecraft:dirt":86,"minecraft:sand":1,"minecraft:white_wool":44,"minecraft:gold_ingot":4,"minecraft:bone":13,"minecraft:gravel":29,"minecraft:sugar_cane":1,"minecraft:cobbled_deepslate":87,"minecraft:rotten_flesh":15,"minecraft:end_stone":299,"minecraft:cooked_mutton":2,"minecraft:azure_bluet":2,"minecraft:gunpowder":3,"minecraft:iron_ingot":4,"minecraft:stone_hoe":2,"minecraft:golden_boots":1,"minecraft:wheat_seeds":28,"minecraft:diamond_leggings":1,"minecraft:oak_fence":1,"minecraft:feather":10,"minecraft:iron_helmet":1,"minecraft:cobblestone":131,"minecraft:book":26,"minecraft:granite":1,"minecraft:copper_ingot":4,"minecraft:golden_apple":1,"minecraft:stick":4,"minecraft:diorite":6,"minecraft:iron_leggings":3,"minecraft:dandelion":1,"minecraft:purpur_pillar":1,"minecraft:stone_sword":1,"minecraft:raw_copper":4,"minecraft:tuff":8,"minecraft:stone_shovel":1,"minecraft:chicken":4,"minecraft:iron_boots":2,"minecraft:smoker":1,"minecraft:blast_furnace":1,"minecraft:diamond_sword":2,"minecraft:diamond_chestplate":1,"minecraft:spruce_planks":64,"minecraft:iron_chestplate":3,"minecraft:diamond_pickaxe":1,"minecraft:yellow_bed":1,"minecraft:spider_eye":1,"minecraft:spruce_log":212,"minecraft:bow":1,"minecraft:stone_pickaxe":2},"minecraft:mined":{"minecraft:spruce_planks":1,"minecraft:white_bed":8,"minecraft:cobblestone_stairs":3,"minecraft:obsidian":5,"minecraft:granite":25,"minecraft:grass_block":245,"minecraft:soul_soil":1,"minecraft:smooth_stone":11,"minecraft:tall_seagrass":1,"minecraft:iron_ore":38,"minecraft:cobbled_deepslate":10,"minecraft:fire":6,"minecraft:deepslate_lapis_ore":16,"minecraft:azure_bluet":2,"minecraft:dirt_path":55,"minecraft:end_stone_bricks":1,"minecraft:deepslate_redstone_ore":4,"minecraft:smoker":1,"minecraft:amethyst_cluster":3,"minecraft:torch":20,"minecraft:calcite":2,"minecraft:chest":5,"minecraft:nether_quartz_ore":19,"minecraft:cobblestone":23,"minecraft:sugar_cane":4,"minecraft:oak_planks":5,"minecraft:bricks":1,"minecraft:wall_torch":4,"minecraft:amethyst_block":3,"minecraft:warped_nylium":12,"minecraft:purpur_block":5,"minecraft:oak_log":38,"minecraft:sand":3,"minecraft:dirt":70,"minecraft:netherrack":151,"minecraft:oak_leaves":14,"minecraft:deepslate":285,"minecraft:suspicious_gravel":1,"minecraft:nether_gold_ore":18,"minecraft:tuff":18,"minecraft:mossy_cobblestone":6,"minecraft:deepslate_diamond_ore":41,"minecraft:oak_door":1,"minecraft:shulker_box":1,"minecraft:end_stone":441,"minecraft:nether_bricks":13,"minecraft:birch_slab":3,"minecraft:redstone_ore":2,"minecraft:furnace":4,"minecraft:andesite":11,"minecraft:gold_block":1,"minecraft:bell":6,"minecraft:nether_brick_fence":9,"minecraft:deepslate_iron_ore":61,"minecraft:cobblestone_slab":2,"minecraft:warped_stem":4,"minecraft:chorus_plant":1,"minecraft:stone":242,"minecraft:ender_chest":2,"minecraft:glass_pane":2,"minecraft:dandelion":3,"minecraft:oak_fence":2,"minecraft:crafting_table":9,"minecraft:short_grass":82,"minecraft:warped_roots":1,"minecraft:purpur_pillar":2,"minecraft:tall_grass":22,"minecraft:copper_ore":2,"minecraft:lapis_ore":7,"minecraft:deepslate_gold_ore":23,"minecraft:diorite":20,"minecraft:spruce_log":219,"minecraft:yellow_bed":5,"minecraft:coal_ore":76,"minecraft:gravel":30,"minecraft:cracked_stone_bricks":1,"minecraft:stone_bricks":2,"minecraft:mossy_stone_bricks":3,"minecraft:gold_ore":7},"minecraft:used":{"minecraft:beetroot":1,"minecraft:iron_shovel":197,"minecraft:elytra":1,"minecraft:ladder":2,"minecraft:poppy":2,"minecraft:chest":10,"minecraft:shield":169,"minecraft:iron_sword":160,"minecraft:bell":5,"minecraft:rotten_flesh":2,"minecraft:iron_chestplate":3,"minecraft:tuff":10,"minecraft:bricks":1,"minecraft:birch_sapling":2,"minecraft:iron_helmet":2,"minecraft:bow":91,"minecraft:oak_sapling":10,"minecraft:furnace":6,"minecraft:egg":14,"minecraft:golden_boots":1,"minecraft:short_grass":1,"minecraft:mossy_stone_bricks":3,"minecraft:diorite":11,"minecraft:oak_planks":8,"minecraft:stone_pickaxe":165,"minecraft:ender_pearl":43,"minecraft:wooden_pickaxe":3,"minecraft:sugar_cane":3,"minecraft:diamond_axe":379,"minecraft:golden_apple":1,"minecraft:end_stone":62,"minecraft:shears":2,"minecraft:birch_slab":31,"minecraft:bread":48,"minecraft:iron_door":3,"minecraft:gravel":4,"minecraft:diamond_sword":197,"minecraft:andesite":7,"minecraft:oak_fence":2,"minecraft:enchanting_table":1,"minecraft:stone_sword":82,"minecraft:stone_shovel":155,"minecraft:dried_kelp":29,"minecraft:spruce_planks":6,"minecraft:cooked_chicken":13,"minecraft:netherrack":89,"minecraft:oak_door":3,"minecraft:torch":329,"minecraft:dirt":256,"minecraft:anvil":1,"minecraft:granite":23,"minecraft:bookshelf":12,"minecraft:diamond_chestplate":4,"minecraft:light_gray_wool":2,"minecraft:cooked_beef":22,"minecraft:cobbled_deepslate":196,"minecraft:iron_leggings":2,"minecraft:calcite":2,"minecraft:cooked_mutton":22,"minecraft:water_bucket":19,"minecraft:amethyst_block":1,"minecraft:cobblestone_stairs":3,"minecraft:cobblestone_slab":38,"minecraft:mossy_cobblestone":6,"minecraft:crafting_table":15,"minecraft:white_bed":10,"minecraft:campfire":2,"minecraft:ender_eye":1,"minecraft:diamond_pickaxe":1233,"minecraft:cornflower":1,"minecraft:oak_button":4,"minecraft:iron_pickaxe":257,"minecraft:spruce_sapling":8,"minecraft:stone_axe":23,"minecraft:green_carpet":1,"minecraft:fishing_rod":11,"minecraft:cobblestone":211,"minecraft:cooked_porkchop":60,"minecraft:bucket":21,"minecraft:yellow_bed":4,"minecraft:kelp":8,"minecraft:dandelion":1,"minecraft:diamond_leggings":2,"minecraft:smooth_stone":8},"minecraft:killed":{"minecraft:spider":6,"minecraft:shulker":11,"minecraft:skeleton":18,"minecraft:chicken":12,"minecraft:pig":12,"minecraft:zombie_villager":1,"minecraft:iron_golem":1,"minecraft:creeper":1,"minecraft:sheep":13,"minecraft:zombie":24,"minecraft:ghast":1,"minecraft:cow":3,"minecraft:blaze":1,"minecraft:bat":1,"minecraft:villager":1,"minecraft:enderman":17},"minecraft:crafted":{"minecraft:oak_planks":128,"minecraft:cobblestone_slab":36,"minecraft:cooked_chicken":6,"minecraft:birch_slab":36,"minecraft:bookshelf":12,"minecraft:cooked_mutton":12,"minecraft:warped_planks":16,"minecraft:bow":3,"minecraft:diamond_leggings":2,"minecraft:iron_boots":2,"minecraft:chest":8,"minecraft:oak_button":4,"minecraft:iron_door":3,"minecraft:stone_hoe":2,"minecraft:golden_boots":1,"minecraft:arrow":4,"minecraft:cooked_porkchop":24,"minecraft:crafting_table":7,"minecraft:spruce_planks":20,"minecraft:wooden_pickaxe":1,"minecraft:iron_helmet":2,"minecraft:copper_ingot":3,"minecraft:campfire":2,"minecraft:book":2,"minecraft:iron_chestplate":2,"minecraft:paper":6,"minecraft:stick":88,"minecraft:iron_ingot":83,"minecraft:iron_pickaxe":1,"minecraft:iron_block":3,"minecraft:stone_sword":1,"minecraft:gold_ingot":31,"minecraft:shears":1,"minecraft:stone_shovel":2,"minecraft:furnace":2,"minecraft:ladder":3,"minecraft:stone_pickaxe":2,"minecraft:cooked_beef":2,"minecraft:diamond_sword":1,"minecraft:enchanting_table":1,"minecraft:iron_sword":1,"minecraft:bucket":2,"minecraft:stone_axe":1,"minecraft:bread":1,"minecraft:air":0,"minecraft:golden_apple":2,"minecraft:iron_shovel":1,"minecraft:iron_leggings":2,"minecraft:anvil":1,"minecraft:white_bed":2,"minecraft:torch":276,"minecraft:diamond_chestplate":2}},"DataVersion":3953}